sequence:::manualLabel:::sid:::Sentence
1:::0:::3:::p:::s2:::The dandelion wine that he_0 makes with his_0 ten year old brother Tom_3 and his_0 grandfather represents that beauty .
1:::0:::3:::p:::s12:::He_0 has already discovered that adults and children are two different races , and he_0 lets Tom_3 in on his_0 plan to record the summer .
1:::0:::3:::p:::s18:::Along with their mother , grandmother , and great-grandmother , Douglas_0 and Tom_3 help beat the dust and dirt out of the huge rugs from the house .
1:::0:::3:::p:::s19:::Tom_3 discovers that old people were never children , and he_3 relays this to Douglas_0 .
1:::0:::3:::p:::s30:::This episode ends in comic disaster , and Tom_3 relays it all to Douglas_0 , who is enthralled with the idea of magic .
1:::0:::3:::u:::s38:::His_0 brother Tom_3 tries to explain that the romance was happy because it was all they could ever have , but Douglas_0 is not satisfied .
1:::0:::3:::u:::s43:::While Tom_3 convinces Charlie that the man killed could not have been the Lonely One because he did not look like the Lonely One they imagined , Douglas_0 is shocked by how close he was to death .
2:::0:::2:::p:::s10:::When Montag_0 fails to show up for work , his_0 fire chief , Beatty_2 , pays a visit to his_0 house .
2:::0:::2:::u:::s15:::Beatty_2 tells Montag_0 to take twenty-four hours or so to see if his_0 stolen books contain anything worthwhile and then turn them in for incineration .
2:::0:::2:::u:::s29:::Montag_0 goes to the fire station and hands over one of his_0 books to Beatty_2 .
2:::0:::2:::n:::s30:::Beatty_2 confuses Montag_0 by barraging him_0 with contradictory quotations from great books .
2:::0:::2:::n:::s34:::Beatty_2 forces Montag_0 to burn the house himself_0 ; when he_0 is done , Beatty_2 places him_0 under arrest .
2:::0:::2:::n:::s35:::When Beatty_2 continues to berate Montag_0 , Montag_0 turns the flamethrower on his_0 superior_2 and proceeds to burn him_2 to ashes .
2:::0:::2:::n:::s37:::The Mechanical Hound , a monstrous machine that Beatty_2 has set to attack Montag_0 , pounces and injects Montag_0 's leg with a large dose of anesthetic .
3:::1:::6:::p:::s33:::Their names are Mary , Diana , and St._6 John_6 -LRB- pronounced `` Sinjin '' -RRB- Rivers , and Jane_1 quickly becomes friends with them .
3:::1:::6:::p:::s34:::St._6 John_6 is a clergyman , and he finds Jane_1 a job teaching at a charity school in Morton .
3:::1:::6:::p:::s38:::St._6 John_6 decides to travel to India as a missionary , and he_6 urges Jane_1 to accompany him -- as his_6 wife .
3:::1:::6:::u:::s39:::Jane_1 agrees to go to India but refuses to marry her_1 cousin_6 because she does not love him_6 .
3:::1:::6:::u:::s40:::St._6 John_6 pressures her_1 to reconsider , and she_1 nearly gives in .
3:::1:::6:::u:::s44:::Jane_1 travels on to Rochester 's new residence , Ferndean , where he lives with two servants named John_6 and Mary .
4:::2:::5:::p:::s24:::Mason introduces himself as the brother of that_2 wife -- a woman named Bertha_5 .
4:::2:::5:::p:::s25:::Mr. Mason testifies that Bertha_5 , whom Rochester_2 married when he_2 was a young man in Jamaica , is still alive .
4:::2:::5:::u:::s26:::Rochester_2 does not deny Mason 's claims , but he explains that Bertha_5 has gone mad .
4:::2:::5:::u:::s27:::He_2 takes the wedding party back to Thornfield , where they witness the insane Bertha_5 Mason_5 scurrying around on all fours and growling like an animal .
4:::2:::5:::u:::s28:::Rochester_2 keeps Bertha_5 hidden on the third story of Thornfield and pays Grace Poole to keep his_2 wife under control .
5:::0:::5:::u:::s15:::She_0 runs to the home of Alice_5 Greenwood_5 and her mother , free blacks who Dana_0 suspects may be her ancestors .
5:::0:::5:::u:::s18:::After the men leave , Dana_0 comes out of hiding and helps Alice_5 's mother .
5:::0:::5:::u:::s29:::After eight days at home , Dana_0 time travels back and finds that Kevin has left the Maryland area and that Rufus has raped Alice_5 Greenwood_5 .
5:::0:::5:::u:::s31:::Dana_0 convinces Isaac not to kill Rufus , and Alice_5 and Isaac run away while Dana_0 gets Rufus home .
5:::0:::5:::u:::s36:::He forces Dana_0 to convince Alice_5 to sleep with him after her_5 body has recovered .
5:::0:::5:::u:::s47:::Rufus is much harsher with Alice_5 than he is with Dana_0 .
5:::0:::5:::n:::s48:::Alice_5 is jealous of the kindness with which Rufus treats Dana_0 .
5:::0:::5:::u:::s49:::Alice_5 gives birth to her second child with Rufus , Hagar , who is Dana_0 's direct ancestor .
5:::0:::5:::u:::s61:::When Dana_0 returns to the plantation , she finds that Alice_5 has attempted to run away .
5:::0:::5:::u:::s66:::One day , he tells her_0 that she is so like Alice_5 he can not stand it .
5:::0:::5:::u:::s67:::He catches her_5 by the wrists , and Dana_0 struggles free .
6:::1:::5:::p:::s1:::She_1 and Kevin_5 Franklin_5 , her_1 white husband , move into their new apartment in Southern California .
6:::1:::5:::u:::s2:::Dana_1 does the majority of the unpacking and settling in ; Kevin_5 focuses on his_5 office and then stops helping .
6:::1:::5:::p:::s22:::The next time Dana_1 time travels , Kevin_5 comes with her_1 by holding onto her_1 .
6:::1:::5:::p:::s26:::Kevin_5 and Dana_1 stay on the plantation for several weeks and help educate Rufus .
6:::1:::5:::p:::s28:::Dana_1 returns to 1976 , but Kevin_5 does not arrive in time to go with her_1 .
6:::1:::5:::u:::s29:::After eight days at home , Dana_1 time travels back and finds that Kevin_5 has left the Maryland area and that Rufus has raped Alice Greenwood .
6:::1:::5:::p:::s37:::After Rufus fails to mail her_1 letters to Kevin_5 , Dana_1 attempts to run away .
6:::1:::5:::n:::s59:::She_1 and Kevin_5 quarrel a little about Rufus .
6:::1:::5:::p:::s60:::Kevin_5 is jealous of his relationship with Dana_1 , which Dana_1 finds ridiculous .
7:::0:::1:::u:::s1:::That same morning , on the other side of Kansas , Perry_0 Smith_0 meets up with Dick_1 Hickock_1 .
7:::0:::1:::u:::s2:::While the Clutters go about their daily business , running errands and baking cherry pies , Hickock_1 and Smith_0 are tuning their car .
7:::0:::1:::p:::s10:::Meanwhile , Perry_0 and Dick_1 have returned to Dick_1 's hometown of Olathe .
7:::0:::1:::p:::s13:::While the investigation in Kansas begins to methodically follow up dead end leads , Perry_0 and Dick_1 spend some time entertaining a rich German tourist before they run out of money in Mexico City .
7:::0:::1:::p:::s21:::Meanwhile , Dick_1 and Perry_0 are hitchhiking in the American desert .
7:::0:::1:::p:::s24:::Before they are caught , Dick_1 and Perry_0 steal a car , return to Kansas City , pass more hot checks , and take up residence in Miami .
7:::0:::1:::u:::s26:::Dick_1 confesses after intense questioning , and Perry_0 follows suit .
7:::0:::1:::p:::s28:::During a five-year appeals process , Dick_1 and Perry_0 languish in Death Row .
7:::0:::1:::u:::s29:::Perry_0 tries to starve himself while Dick_1 writes letters to various appeals organization .
7:::0:::1:::u:::s31:::When death comes , Dick_1 is awkward and Perry_0 is remorseful .
8:::1:::5:::p:::s3:::In return for Sancho_1 's services , Don_5 Quixote_5 promises to make Sancho_1 the wealthy governor of an isle .
8:::1:::5:::p:::s9:::Sancho_1 stands by Don_5 Quixote_5 , often bearing the brunt of the punishments that arise from Don_5 Quixote_5 's behavior .
8:::1:::5:::p:::s14:::Along the way , the simple Sancho_1 plays the straight man to Don_5 Quixote_5 , trying his_1 best to correct his_1 master 's outlandish fantasies .
8:::1:::5:::u:::s19:::As the two embark on their journey , Sancho_1 lies to Don_5 Quixote_5 , telling him_5 that an evil enchanter has transformed Dulcinea into a peasant girl .
8:::1:::5:::u:::s20:::Undoing this enchantment , in which even Sancho_1 comes to believe , becomes Don_5 Quixote_5 's chief goal .
8:::1:::5:::u:::s22:::They make a servant dress up as Merlin , for example , and tell Don_5 Quixote_5 that Dulcinea 's enchantment -- which they know to be a hoax -- can be undone only if Sancho_1 whips himself 3,300 times on his_1 naked backside .
8:::1:::5:::p:::s23:::Under the watch of the Duke and Duchess , Don_5 Quixote_5 and Sancho_1 undertake several adventures .
8:::1:::5:::u:::s25:::During his_5 stay with the Duke , Sancho_1 becomes governor of a fictitious isle .
8:::1:::5:::u:::s33:::Cervantes becomes a party to his own fiction , even allowing Sancho_1 and Don_5 Quixote_5 to modify their own histories and comment negatively upon the false history published in their names .
9:::1:::7:::u:::s2:::Philip_1 Marlowe_1 , a tough , cynical , yet honest private detective , is hired by the old , ailing General Sternwood to help him `` take care of '' Arthur Gwynn Geiger , a homosexual -LRB- possibly bisexual -RRB- pornographer who has been blackmailing the General with potentially scandalous pictures of the General 's daughter , Carmen_7 Sternwood_7 .
9:::1:::7:::u:::s4:::Marlowe_1 's first assignment becomes complicated by and intertwined with a second plot , which also has its roots in the initial meeting with Sternwood_7 .
9:::1:::7:::p:::s9:::The night is rainy and Marlowe_1 sees that Carmen_7 Sternwood_7 has gone inside Geiger 's house .
9:::1:::7:::p:::s12:::Entering Geiger 's home , Marlowe_1 sees that Carmen_7 is drugged and naked , sitting on a chair .
9:::1:::7:::p:::s45:::Everything comes to an end when Marlowe_1 returns Carmen_7 Sternwood_7 's gun -- the gun Carmen_7 had used to try to persuade Brody to return her pictures to her -- to her_7 , and Carmen_7 asks Marlow_1 to teach her_7 to shoot .
9:::1:::7:::n:::s46:::Down in the abandoned Sternwood family oil field , Carmen_7 turns her_7 gun on Marlowe_1 in an attempt to kill him_1 .
9:::1:::7:::u:::s48:::He_1 figures out , in the end , that Carmen_7 killed Regan and that Vivian paid Eddie Mars 's man , Canino , to hide the body .
9:::1:::7:::p:::s50:::Marlowe_1 solves the puzzle , allowing Vivian to go free as long as she gets Carmen_7 the help she_7 needs to alleviate her_7 insanity .
10:::1:::8:::u:::s9:::The night is rainy and Marlowe sees that Carmen_1 Sternwood_1 has gone inside Geiger_8 's house .
10:::1:::8:::u:::s12:::Entering Geiger_8 's home , Marlowe sees that Carmen_1 is drugged and naked , sitting on a chair .
10:::1:::8:::n:::s13:::Geiger_8 , who had been taking pictures of Carmen_1 , is dead at her_1 feet .
10:::1:::8:::n:::s14:::The plateholder of the camera -- which ostensibly contains the pictures Geiger_8 had taken of Carmen_1 -- is missing .
10:::1:::8:::n:::s18:::As the plot unfolds , Marlow begins to figure out that Taylor was in love with Carmen_1 Sternwood_1 , and that it was Taylor who killed Geiger_8 in retaliation for the naughty pictures of Carmen_1 that Geiger_8 had taken .
10:::1:::8:::n:::s22:::Brody is also in possession of the negatives and prints of the scandalous pictures of Carmen_1 Sternwood_1 -- pictures he_8 uses to bribe Carmen_1 's sister , Vivian , for money .
11:::4:::7:::u:::s35:::Because rumors abound that Regan has run away with Mona_4 , Marlowe_7 considers it significant to find out her_4 whereabouts .
11:::4:::7:::u:::s36:::Marlowe_7 finds that Mona_4 had not actually run away with Regan ; instead , her_4 husband , Eddie Mars , has kept her_4 in hiding for his own protection , to keep everyone thinking that Regan is alive and has run off with Mona_4 .
11:::4:::7:::p:::s38:::Once Marlowe_7 knows where Mona_4 is he_7 ventures out to find her_4 .
11:::4:::7:::p:::s40:::Marlowe_7 shares a scene with Mona_4 , whom he_7 nicknames Silver-Wig because of her_4 platinum wig disguise .
11:::4:::7:::p:::s41:::Marlowe_7 is attracted to Mona_4 .
11:::4:::7:::p:::s43:::She_4 seems to be a good person , but Marlowe_7 can not manage to sway her_4 away from her_4 loyalty to Eddie Mars .
11:::4:::7:::p:::s44:::Nevertheless , Mona_4 helps Marlowe_7 escape from his_7 ropes and , later , helps him_7 kill Canino .
12:::7:::8:::n:::s7:::Marlowe_7 's first action is to stake out Geiger_8 's shop , which turns out to be a pornography racket disguised as a rare bookshop .
12:::7:::8:::n:::s8:::After pinpointing Geiger_8 , Marlowe_7 follows the man to his_8 house and hides in wait outside .
12:::7:::8:::u:::s9:::The night is rainy and Marlowe_7 sees that Carmen Sternwood has gone inside Geiger_8 's house .
12:::7:::8:::u:::s11:::When Marlowe_7 approaches Geiger_8 's house to see what is happening , three gunshots ring out inside the house , followed by the rapid footsteps of the escaping gunman .
12:::7:::8:::u:::s12:::Entering Geiger_8 's home , Marlowe_7 sees that Carmen is drugged and naked , sitting on a chair .
12:::7:::8:::u:::s29:::Marlowe_7 's job is technically over , as he has taken care of Geiger_8 and the blackmailing .
13:::2:::31:::p:::s50:::He tells Alla_2 the story of how Custance_31 was found , and Alla_2 begins to pity the girl_31 .
13:::2:::31:::u:::s52:::Just as the knight who murdered Hermengyld is swearing that Custance_31 is the true murderer , he is struck down and his eyes burst out of his face , proving his guilt to Alla_2 and the crowd .
13:::2:::31:::p:::s53:::The knight is executed , Alla_2 and many others convert to Christianity , and Custance_31 and Alla_2 marry .
13:::2:::31:::p:::s54:::While Alla_2 is away in Scotland , Custance_31 gives birth to a boy named Mauricius .
13:::2:::31:::u:::s55:::Alla_2 's mother , Donegild , intercepts a letter from Custance_31 to Alla_2 and substitutes a counterfeit one that claims that the child is disfigured and bewitched .
13:::2:::31:::u:::s57:::Donegild substitutes a letter saying that Custance_31 and her_31 son are banished and should be sent away on the same ship on which Custance_31 arrived .
13:::2:::31:::p:::s59:::After many adventures at sea , including an attempted rape , Custance_31 ends up back in Rome , where she_31 reunites with Alla_2 , who has made a pilgrimage there to atone for killing his_2 mother .
13:::2:::31:::p:::s61:::Alla_2 and Custance_31 return to England , but Alla_2 dies after a year , so Custance_31 returns , once more , to Rome .
14:::0:::6:::p:::s11:::This summer , he_0 devotes himself_0 to Edna_6 , and the two spend their days together lounging and talking by the shore .
14:::0:::6:::p:::s13:::At first , the relationship between Robert_0 and Edna_6 is innocent .
14:::0:::6:::p:::s15:::As the summer progresses , however , Edna_6 and Robert_0 grow closer , and Robert_0 's affections and attention inspire in Edna_6 several internal revelations .
14:::0:::6:::p:::s18:::Edna_6 and Robert_0 never openly discuss their love for one another , but the time they spend alone together kindles memories in Edna_6 of the dreams and desires of her_6 youth .
14:::0:::6:::p:::s19:::She_6 becomes inexplicably depressed at night with her_6 husband and profoundly joyful during her_6 moments of freedom , whether alone or with Robert_0 .
14:::0:::6:::p:::s20:::Recognizing how intense the relationship between him_0 and Edna_6 has become , Robert_0 honorably removes himself_0 from Grand Isle to avoid consummating his_0 forbidden love .
14:::0:::6:::p:::s29:::Her_6 love for Robert_0 still intense , Edna_6 pursues an affair with the town seducer , Alcée Arobin , who is able to satisfy her_6 sexual needs .
14:::0:::6:::p:::s33:::She_6 is also eager to read the letters from abroad that Robert_0 sends the woman .
14:::0:::6:::p:::s35:::Mademoiselle Reisz is the only person who knows of Robert_0 and Edna_6 's secret love for one another and she encourages Edna_6 to admit to , and act upon , her_6 feelings .
14:::0:::6:::p:::s36:::Unable to stay away , Robert_0 returns to New Orleans , finally expressing openly his_0 feelings for Edna_6 .
14:::0:::6:::p:::s37:::He_0 admits his_0 love but reminds her_6 that they can not possibly be together , since she_6 is the wife of another man .
14:::0:::6:::p:::s38:::Edna_6 explains to him_0 her_6 newly established independence , denying the rights of her_6 husband over her_6 and explaining how she_6 and Robert_0 can live together happily , ignoring everything extraneous to their relationship .
14:::0:::6:::u:::s39:::But despite his_0 love for Edna_6 , Robert_0 feels unable to enter into the adulterous affair .
14:::0:::6:::p:::s40:::When Adèle undergoes a difficult and dangerous childbirth , Edna_6 leaves Robert_0 's arms to go to her_6 friend .
14:::0:::6:::p:::s41:::She_6 pleads with him_0 to wait for her_6 return .
14:::0:::6:::p:::s42:::From the time she spends with Edna_6 , Adèle senses that Edna_6 is becoming increasingly distant , and she understands that Edna_6 's relationship with Robert_0 has intensified .
14:::0:::6:::u:::s46:::Edna_6 returns to her_6 house to find Robert_0 gone , a note of farewell left in his_0 place .
14:::0:::6:::u:::s47:::Robert_0 's inability to escape the ties of society now prompts Edna_6 's most devastating awakening .
14:::0:::6:::u:::s48:::Haunted by thoughts of her_6 children and realizing that she_6 would have eventually found even Robert_0 unable to fulfill her_6 desires and dreams , Edna_6 feels an overwhelming sense of solitude .
14:::0:::6:::u:::s51:::As she_6 swims through the soft , embracing water , she_6 thinks about her_6 freedom from her_6 husband and children , as well as Robert_0 's failure to understand her_6 , Doctor Mandelet 's words of wisdom , and Mademoiselle Reisz 's courage .
15:::3:::6:::p:::s4:::Consequently , Edna_6 spends most of her_6 time with her_6 friend Adèle_3 Ratignolle_3 , a married Creole who epitomizes womanly elegance and charm .
15:::3:::6:::p:::s5:::Through her_6 relationship with Adèle_3 , Edna_6 learns a great deal about freedom of expression .
15:::3:::6:::p:::s40:::When Adèle_3 undergoes a difficult and dangerous childbirth , Edna_6 leaves Robert 's arms to go to her_6 friend .
15:::3:::6:::u:::s42:::From the time she_3 spends with Edna_6 , Adèle_3 senses that Edna_6 is becoming increasingly distant , and she_3 understands that Edna_6 's relationship with Robert has intensified .
15:::3:::6:::u:::s45:::Already reeling under the weight of Adèle_3 's admonition , Edna_6 begins to perceive herself_6 as having acted selfishly .
16:::u:::s27:::Blore , Lombard , and Armstrong run to help her , only to return downstairs to find Wargrave draped in a curtain that resembles courtroom robes and bearing a red mark on his forehead .
16:::u:::s28:::Armstrong examines the body and reports that Wargrave has been shot in the head .
16:::n:::s44:::Wargrave then describes how he tricked Dr. Armstrong into helping him fake his own death , promising to meet the doctor by the cliffs to discuss a plan .
16:::n:::s45:::When Armstrong arrived , Wargrave pushed him over the edge into the sea , then returned to the house and pretended to be dead .
16:::u:::s47:::Once Vera hanged herself on a noose that he prepared for her , Wargrave planned to shoot himself in such a way that his body would fall onto the bed as if it had been laid there .
17:::u:::s1:::Vera Claythorne , a former governess , thinks she has been hired as a secretary ; Philip Lombard , an adventurer , and William Blore , an ex-detective , think they have been hired to look out for trouble over the weekend ; Dr. Armstrong thinks he has been hired to look after the wife of the island 's owner .
17:::p:::s11:::Blore , Lombard , and Armstrong decide that the deaths must have been murders and determine to scour the island in search of the mysterious Mr. Owen .
17:::p:::s27:::Blore , Lombard , and Armstrong run to help her , only to return downstairs to find Wargrave draped in a curtain that resembles courtroom robes and bearing a red mark on his forehead .
17:::u:::s29:::That night , Blore hears footsteps in the hall ; upon checking , he finds that Armstrong is not in his room .
17:::p:::s30:::Blore and Lombard search for Armstrong , but they can not find him anywhere in the house or on the island .
18:::p:::s20:::While there , George and Jean run into Rashaverak , an Overlord making use of Boyce 's research library .
18:::p:::s25:::This fainting fit worries George , and he proposes marriage to Jean .
18:::p:::s32:::Back on Earth , George and Jean begin their life together .
18:::p:::s35:::George and Jean take their two kids , Jeffrey and Jennifer , with them .
18:::u:::s50:::Jean and George die as New Athens blows itself up in a nuclear explosion .
19:::u:::s20:::Bowman and Poole 's day-to-day lives had been immaculately planned .
19:::u:::s27:::Bowman conducts tests on the AE-35 unit that has been replaced and discovers that nothing is wrong with it .
19:::p:::s29:::Suspicious , Poole and Bowman radio back to Earth ; they are told that something is wrong with Hal and are given instructions to shut him off .
19:::p:::s31:::Poole and Bowman try begin to wonder how they will re-establish communication with Earth .
19:::p:::s35:::Bowman is shocked by Poole 's death and is deeply distraught .
19:::p:::s36:::He wonders whether Hal really could have killed Poole .
19:::u:::s38:::He has a long argument with Hal , at the end of which , because Bowman threatens to disconnect him , Hal agrees to give him manual control over the process of ending the hibernation .
19:::p:::s47:::Bowman learns that Hal had begun to feel guilty about keeping the purpose of the mission from him and Poole .
20:::p:::s3:::She has to continue pretending that she 's in love with Peeta , or they 'll hurt Gale , Katniss 's oldest friend .
20:::u:::s5:::Peeta and Katniss , meanwhile , have had a tense relationship since Peeta found out that Katniss was only pretending to be in love with him during the Games .
20:::p:::s17:::Katniss goes to meet Gale in the woods and tells him everything that 's happened .
20:::u:::s20:::Katniss goes to tell Peeta , who agrees to run away , but then , in the town 's main square , they find Gale being publicly whipped for hunting .
20:::p:::s21:::As Gale recuperates , Katniss realizes she loves him and decides not to run away .
21:::p:::s32:::Rue points out a nest of tracker jackers , wasps engineered by the Capitol to be lethal , over Katniss 's head , and Katniss cuts the branch holding the nest , dropping it onto the Careers .
21:::p:::s38:::Katniss encounters Rue again , and the two quickly form a bond .
21:::p:::s39:::They are able to get food hunting and foraging , and Katniss realizes that the Careers would have difficulty surviving without the supplies at the Cornucopia , so she and Rue devise a plan .
21:::p:::s43:::Katniss kills the other tribute , and when Rue dies , she covers her body in flowers .
21:::u:::s45:::Katniss goes looking for Peeta , and it takes her a day but finally she finds him .
21:::u:::s46:::He 's severely injured from his fight with Cato and can barely walk , but Katniss helps him to a cave where they 'll be hidden .
21:::u:::s47:::Thinking Peeta may die , Katniss impulsively kisses him .
21:::u:::s50:::The next morning Katniss sees that Peeta 's leg is badly infected and he 'll die without treatment .
21:::u:::s53:::Using a sleep syrup sent from Haymitch , Katniss knocks him out .
21:::u:::s56:::He spares Katniss because of the way she treated Rue , and Katniss makes it back to the cave .
22:::p:::s11:::It 's Peeta Mellark , and Katniss remembers how years earlier , while searching for food for her family in the garbage bins behind the town shops , Peeta gave her bread from his family 's bakery .
22:::p:::s13:::Katniss and Peeta say goodbye to their friends and families and board a train for the Capitol .
22:::p:::s17:::The outfits are a huge hit with the audience and make Katniss and Peeta stand out among the tributes .
22:::p:::s18:::The next day , Katniss and Peeta attend group training , and the tributes from rich districts who have trained for the Games their whole lives , called Career Tributes , show off their skills .
22:::u:::s27:::To Katniss 's shock , Peeta is with them .
22:::p:::s37:::Peeta stops him so Katniss can escape , and she passes out in a ditch shortly after .
22:::p:::s45:::Katniss goes looking for Peeta , and it takes her a day but finally she finds him .
22:::u:::s50:::The next morning Katniss sees that Peeta 's leg is badly infected and he 'll die without treatment .
22:::p:::s52:::Katniss knows that means medicine for Peeta 's leg , but Peeta thinks it 's too dangerous and does n't want Katniss to go .
22:::p:::s60:::Katniss leaves Peeta in charge of foraging while she goes to hunt .
22:::p:::s70:::Taking advantage of the situation , Cato attacks Peeta , but Katniss and Peeta manage to push him over the edge .
22:::p:::s73:::Neither Katniss nor Peeta will kill the other , so Katniss takes out the poisonous berries .
22:::u:::s79:::After , when Haymitch tells her she did great , Peeta wonders what he means , and Katniss explains everything , including the romance strategy during the Games .
23:::p:::s0:::Heart of Darkness centers around Marlow , an introspective sailor , and his journey up the Congo River to meet Kurtz , reputed to be an idealistic man of great abilities .
23:::u:::s10:::Marlow eventually gets the parts he needs to repair his ship , and he and the manager set out with a few agents -LRB- whom Marlow calls pilgrims because of their strange habit of carrying long , wooden staves wherever they go -RRB- and a crew of cannibals on a long , difficult voyage up the river .
23:::u:::s12:::Marlow and his crew come across a hut with stacked firewood , together with a note saying that the wood is for them but that they should approach cautiously .
23:::u:::s16:::Not long after , Marlow and his companions arrive at Kurtz 's Inner Station , expecting to find him dead , but a half-crazed Russian trader , who meets them as they come ashore , assures them that everything is fine and informs them that he is the one who left the wood .
23:::u:::s25:::The Russian reveals to Marlow , after swearing him to secrecy , that Kurtz had ordered the attack on the steamer to make them believe he was dead in order that they might turn back and leave him to his plans .
23:::u:::s27:::Kurtz disappears in the night , and Marlow goes out in search of him , finding him crawling on all fours toward the native camp .
23:::p:::s28:::Marlow stops him and convinces him to return to the ship .
23:::p:::s30:::Marlow listens to Kurtz talk while he pilots the ship , and Kurtz entrusts Marlow with a packet of personal documents , including an eloquent pamphlet on civilizing the savages which ends with a scrawled message that says , `` Exterminate all the brutes ! ''
23:::p:::s38:::She asks what his last words were , but Marlow can not bring himself to shatter her illusions with the truth .
24:::u:::s2:::Munro 's daughters Alice and Cora set out from Fort Edward to visit their father , escorted through the dangerous forest by Major Duncan Heyward and guided by an Indian named Magua .
24:::u:::s10:::When Heyward tries to convert Magua to the English side , the Huron reveals that he seeks revenge on Munro for past humiliation and proposes to free Alice if Cora will marry him .
24:::n:::s11:::Cora has romantic feelings for Uncas , however , and angrily refuses Magua .
24:::n:::s20:::In the chaos of slaughter , Magua manages to recapture Cora , Alice , and Gamut and to escape with them into the forest .
24:::n:::s22:::Gamut reappears and explains that Magua has separated his captives , confining Alice to a Huron camp and sending Cora to a Delaware camp .
24:::n:::s26:::Magua departs with Cora .
24:::n:::s28:::Magua and his Hurons suffer painful defeat , but a rogue Huron kills Cora .
24:::u:::s29:::Uncas begins to attack the Huron who killed Cora , but Magua stabs Uncas in the back .
24:::u:::s30:::Magua tries to leap across a great divide , but he falls short and must cling to a shrub to avoid tumbling off and dying .
25:::u:::s2:::Munro 's daughters Alice and Cora set out from Fort Edward to visit their father , escorted through the dangerous forest by Major Duncan Heyward and guided by an Indian named Magua .
25:::u:::s10:::When Heyward tries to convert Magua to the English side , the Huron reveals that he seeks revenge on Munro for past humiliation and proposes to free Alice if Cora will marry him .
25:::u:::s17:::He reveals to Heyward that Cora 's mother was part `` Negro , '' which explains her dark complexion and raven hair .
25:::n:::s18:::Munro accuses Heyward of racism because he prefers to marry blonde Alice over dark Cora , but Heyward denies the charge .
25:::n:::s21:::Three days later , Heyward , Hawkeye , Munro , and the Mohicans discover Magua 's trail and begin to pursue the villain .
26:::u:::s2:::Munro 's daughters Alice and Cora set out from Fort Edward to visit their father , escorted through the dangerous forest by Major Duncan Heyward and guided by an Indian named Magua .
26:::u:::s8:::Hawkeye and the Mohicans escape down the river , but Hurons capture Alice , Cora , Heyward , and Gamut .
26:::u:::s10:::When Heyward tries to convert Magua to the English side , the Huron reveals that he seeks revenge on Munro for past humiliation and proposes to free Alice if Cora will marry him .
26:::p:::s18:::Munro accuses Heyward of racism because he prefers to marry blonde Alice over dark Cora , but Heyward denies the charge .
26:::u:::s22:::Gamut reappears and explains that Magua has separated his captives , confining Alice to a Huron camp and sending Cora to a Delaware camp .
26:::p:::s23:::Using deception and a variety of disguises , the group manages to rescue Alice from the Hurons , at which point Heyward confesses his romantic interest in her .
27:::p:::s15:::Adam tells Brint about his girlfriend , the mischievous , talkative , but ultimately sensitive Amy .
27:::u:::s16:::He remembers a day Amy called to tell him that , while at her father 's newspaper office , an editor had dropped in for a visit from Rawlings , Pennsylvania , where Adam had told her his family had moved from .
27:::p:::s18:::Adam lied to Amy that they only lived in Rawlings for a few months , but he became more curious about his family 's past .
27:::p:::s32:::Before leaving Carver , Adam places a call to Amy .
27:::u:::s33:::A man answers and says there is no Amy at his residence .
27:::p:::s75:::He calls Amy on a pay phone .
28:::p:::s3:::The third narrative takes place on a day in the late twentieth century , in which Clarissa Vaughn hosts a party for her poet-friend Richard .
28:::p:::s10:::She is hosting a party that evening in honor of her best friend Richard , a poet and novelist dying of AIDS , who is receiving a prestigious literary award for his life 's work .
28:::u:::s21:::She gives up and continues walking , passing the corner where she and Richard broke up many years ago .
28:::p:::s22:::She visits Richard in his messy apartment , brightening the kitchen with fresh flowers as she asks about his health .
28:::p:::s23:::They must go uptown that night to collect his prize and then go to the party , but despite Clarissa 's reassurances , Richard protests that he does not deserve the prize .
28:::p:::s35:::She feels alienated from her own house and her life , and reminisces about the happy summer she spent with Richard in Wellfleet when they were still romantically involved .
28:::p:::s59:::Clarissa Vaughn goes over to Richard 's apartment to pick him up for the party to find him sitting on the windowsill .
28:::p:::s60:::He tells her he loves her and jumps out of the window to his death .
28:::u:::s68:::In the final chapter , an older Laura comes to stay at Clarissa 's apartment in the wake of her son Richard 's death .
29:::p:::s16:::The next night , Sophie and Martine go to a Haitian restaurant with Marc , an affluent Haitian immigration lawyer who has become Martine 's long-term lover .
29:::p:::s48:::Sophie spends the night at her mother 's house , and the next morning Martine reveals that she is pregnant by Marc .
29:::p:::s52:::As a gesture of goodwill , Martine invites Sophie and Joseph to spend that Saturday with her and Marc .
29:::u:::s56:::When she finally gets through , he tells her that Martine has committed suicide by stabbing herself in the stomach with a rusty knife seventeen times .
29:::u:::s57:::She died in the ambulance after telling Marc that she could not carry the baby .
29:::u:::s58:::Sophie and Marc make the trip to Dame Marie for Martine 's burial .
30:::p:::s0:::Sophie Caco , age twelve , comes home from school in Croix-des-Rosets , Haiti , to the house she shares with her beloved , illiterate aunt Atie .
30:::p:::s1:::Noting sadness in her aunt , Sophie presents Atie with a handmade Mother 's Day card she had been meaning to save .
30:::u:::s2:::But Atie refuses to take it , insisting that the card belongs to Martine , her sister and Sophie 's absent mother .
30:::u:::s3:::That night , at the konbit potluck dinner , Atie is forced to reveal that Martine has mailed her a plane ticket and instructions to send Sophie to her mother in New York .
30:::p:::s6:::Sophie and Atie make a trip to La Nouvelle Dame Marie , Haiti , to obtain the blessing of Sophie 's maternal Grandmè Ifé for Sophie 's voyage .
30:::p:::s9:::Arriving in Port-au-Prince , Sophie and Atie find themselves in the midst of a riot over the airport 's name change .
31:::p:::s25:::Now , she finds herself attracted to Joseph , the older musician next door .
31:::p:::s26:::While Martine works night and day , Sophie and Joseph gradually become friends .
31:::p:::s28:::Eventually , he asks her to marry him .
31:::p:::s32:::She subsequently fails Martine 's test , and is thrown out of the house , whereupon she elopes with Joseph to Providence , R.I. Sophie arrives in La Nouvelle Dame Marie , Haiti , with her infant daughter Brigitte , not having spoken to her mother in two years .
31:::u:::s36:::She left while Joseph was on tour , driven to desperation by a hatred of her body and a terror of sex .
31:::u:::s37:::Though Joseph is understanding and kind , she can not sleep with him without doubling .
31:::p:::s50:::Sophie returns home to Joseph , who is furious at her for leaving , though he loves her very much .
31:::p:::s51:::In that week , Sophie attends her sexual phobia group and meets with her therapist , Rena , while Joseph tries to help her heal .
31:::p:::s52:::As a gesture of goodwill , Martine invites Sophie and Joseph to spend that Saturday with her and Marc .
31:::p:::s54:::When Sophie , Joseph and Brigitte return home , Martine calls to tell Sophie that the baby has begun speaking to her in the rapist 's voice , and that she has decided she must have an abortion .
32:::u:::s9:::At Chesney Wold , Tulkinghorn shows the Dedlocks some Jarndyce documents , and Lady Dedlock recognizes the handwriting .
32:::u:::s14:::Later , Tulkinghorn tells Lady Dedlock what he 's learned .
32:::u:::s68:::Tulkinghorn visits Chesney Wold and hints that he knows Lady Dedlock 's secret .
32:::p:::s70:::Tulkinghorn convinces her to stay , since fleeing will make her secret known too fast .
32:::u:::s94:::Instead of arresting Lady Dedlock , however , he arrests Mademoiselle Hortense , who killed Tulkinghorn and tried to frame Lady Dedlock .
32:::u:::s98:::Lady Dedlock writes a note to Sir Leicester , saying she did n't murder Tulkinghorn , and then she flees .
33:::u:::s7:::She meets Mr. Boythorn , as well as Mr. Guppy , who proposes marriage .
33:::n:::s8:::Esther refuses him .
33:::u:::s43:::Guppy visits Lady Dedlock in London and tells her he thinks there is a connection between her and Esther .
33:::u:::s46:::When Guppy leaves , Lady Dedlock cries : Esther is her daughter , who her sister claimed had died at birth .
33:::n:::s67:::Esther visits Guppy and instructs him to stop investigating her .
33:::u:::s101:::Bucket asks Esther to join him , and they set out in search of Lady Dedlock in the middle of the night .
34:::u:::s6:::Esther says she is sure that Ada and Richard are falling in love .
34:::p:::s77:::Esther tries to convince Richard to abandon the Jarndyce suit .
34:::p:::s80:::She asks Mr. Woodcourt to befriend Richard in London , and he agrees .
34:::u:::s90:::Ada reveals to Esther that she and Richard have been secretly married .
34:::u:::s108:::After visiting Richard one night , Woodcourt walks Esther home and confesses he still loves her as he once did .
35:::u:::s16:::But he is more interested in the Jarndyce and Jarndyce lawsuit , which he believes will make him rich .
35:::p:::s37:::Mr. Jarndyce warns Ada and Richard to end their romantic relationship since Richard is joining the army .
35:::u:::s65:::Richard pursues the Jarndyce lawsuit more earnestly , aided by a lawyer named Vholes .
35:::u:::s66:::He no longer speaks to Mr. Jarndyce , who does n't want anything to do with the suit .
35:::u:::s77:::Esther tries to convince Richard to abandon the Jarndyce suit .
35:::u:::s106:::Richard is sick and still obsessed with Jarndyce and Jarndyce .
36:::p:::s60:::She also tells Esther that Mr. Woodcourt has returned .
36:::p:::s79:::Esther sees Mr. Woodcourt on the street .
36:::p:::s80:::She asks Mr. Woodcourt to befriend Richard in London , and he agrees .
36:::u:::s82:::He discovers that Jo once stayed with Esther .
36:::p:::s108:::After visiting Richard one night , Woodcourt walks Esther home and confesses he still loves her as he once did .
36:::u:::s109:::She tells him she is engaged to Mr. Jarndyce .
36:::u:::s114:::When she arrives , she finds out that Mr. Jarndyce has bought a house for Woodcourt out of gratitude .
36:::p:::s116:::Then he reveals that he knows she loves Woodcourt and that they should be married .
36:::u:::s117:::He says he will always be her guardian .
36:::p:::s118:::Woodcourt appears , and he and Esther reunite .
36:::p:::s122:::Esther says she and Woodcourt have two daughters and that Ada had a son .
37:::p:::s0:::Esther Summerson describes her childhood and says she is leaving for the home of a new guardian , Mr. Jarndyce , along with Ada Clare and Richard Carstone .
37:::p:::s21:::Mr. Jarndyce tells Esther some details about her background .
37:::p:::s22:::He reveals that the woman who raised Esther was her aunt .
37:::u:::s73:::Esther tells Mr. Jarndyce about Lady Dedlock .
37:::u:::s74:::He reveals that Boythorn was once in love with Miss Barbary , who left him when she decided to raise Esther in secret .
37:::p:::s75:::Mr. Jarndyce gives Esther a letter that asks her to marry him .
37:::u:::s77:::Esther tries to convince Richard to abandon the Jarndyce suit .
37:::u:::s78:::While she is visiting him , he tells her he has left the army and devoted himself entirely to the lawsuit .
37:::u:::s109:::She tells him she is engaged to Mr. Jarndyce .
37:::u:::s113:::Mr. Jarndyce goes to Yorkshire on business and then sends for her .
37:::u:::s114:::When she arrives , she finds out that Mr. Jarndyce has bought a house for Woodcourt out of gratitude .
37:::u:::s115:::He shows her the house , which is decorated in Esther 's style , and tells her that he 's named the house Bleak House .
37:::u:::s116:::Then he reveals that he knows she loves Woodcourt and that they should be married .
38:::p:::s26:::There , David meets Spenlow 's daughter , Dora , and quickly falls in love with her .
38:::u:::s29:::David journeys to Yarmouth to visit Peggotty in her hour of need .
38:::u:::s31:::David , however , finds Little Em ' ly upset over her impending marriage .
38:::p:::s35:::David , who has become increasingly infatuated with Dora , vows to work as hard as he can to make their life together possible .
38:::u:::s36:::Mr. Spenlow , however , forbids Dora from marrying David .
38:::p:::s39:::Dora and David marry , and Dora proves a terrible housewife , incompetent in her chores .
38:::p:::s40:::David loves her anyway and is generally happy .
39:::u:::s22:::Several years go by , until one night a familiar figure barges into Pip 's room -- the convict , Magwitch , who stuns Pip by announcing that he , not Miss Havisham , is the source of Pip 's fortune .
39:::u:::s24:::Pip is appalled , but he feels morally bound to help Magwitch escape London , as the convict is pursued both by the police and by Compeyson , his former partner in crime .
39:::u:::s25:::A complicated mystery begins to fall into place when Pip discovers that Compeyson was the man who abandoned Miss Havisham at the altar and that Estella is Magwitch 's daughter .
39:::p:::s34:::The time comes for Pip and his friends to spirit Magwitch away from London .
39:::p:::s37:::Pip and Herbert hurry back to effect Magwitch 's escape .
39:::u:::s40:::Magwitch is sentenced to death , and Pip loses his fortune .
40:::n:::s9:::Pip works in the forge unhappily , struggling to better his education with the help of the plain , kind Biddy and encountering Joe 's malicious day laborer , Orlick .
40:::u:::s10:::One night , after an altercation with Orlick , Pip 's sister , known as Mrs. Joe , is viciously attacked and becomes a mute invalid .
40:::n:::s11:::From her signals , Pip suspects that Orlick was responsible for the attack .
40:::n:::s20:::Orlick reappears in Pip 's life , employed as Miss Havisham 's porter , but is promptly fired by Jaggers after Pip reveals Orlick 's unsavory past .
40:::u:::s22:::Several years go by , until one night a familiar figure barges into Pip 's room -- the convict , Magwitch , who stuns Pip by announcing that he , not Miss Havisham , is the source of Pip 's fortune .
40:::u:::s23:::He tells Pip that he was so moved by Pip 's boyhood kindness that he dedicated his life to making Pip a gentleman , and he made a fortune in Australia for that very purpose .
40:::u:::s24:::Pip is appalled , but he feels morally bound to help Magwitch escape London , as the convict is pursued both by the police and by Compeyson , his former partner in crime .
40:::u:::s35:::Just before the escape attempt , Pip is called to a shadowy meeting in the marshes , where he encounters the vengeful , evil Orlick .
40:::n:::s36:::Orlick is on the verge of killing Pip when Herbert arrives with a group of friends and saves Pip 's life .
40:::u:::s44:::After Joe leaves , Pip decides to rush home after him and marry Biddy , but when he arrives there he discovers that she and Joe have already married .
41:::p:::s17:::Herbert himself helps Pip learn how to act like a gentleman .
41:::p:::s18:::When Pip turns twenty-one and begins to receive an income from his fortune , he will secretly help Herbert buy his way into the business he has chosen for himself .
41:::p:::s19:::But for now , Herbert and Pip lead a fairly undisciplined life in London , enjoying themselves and running up debts .
41:::p:::s36:::Orlick is on the verge of killing Pip when Herbert arrives with a group of friends and saves Pip 's life .
41:::p:::s37:::Pip and Herbert hurry back to effect Magwitch 's escape .
41:::u:::s40:::Magwitch is sentenced to death , and Pip loses his fortune .
41:::u:::s42:::Pip falls ill ; Joe comes to London to care for him , and they are reconciled .
41:::p:::s45:::Pip decides to go abroad with Herbert to work in the mercantile trade .
42:::u:::s4:::One day Pip is taken by his Uncle Pumblechook to play at Satis House , the home of the wealthy dowager Miss Havisham , who is extremely eccentric : she wears an old wedding dress everywhere she goes and keeps all the clocks in her house stopped at the same time .
42:::p:::s8:::With Miss Havisham 's guidance , Pip is apprenticed to his brother-in-law , Joe , who is the village blacksmith .
42:::p:::s13:::Pip happily assumes that his previous hopes have come true -- that Miss Havisham is his secret benefactor and that the old woman intends for him to marry Estella .
42:::u:::s20:::Orlick reappears in Pip 's life , employed as Miss Havisham 's porter , but is promptly fired by Jaggers after Pip reveals Orlick 's unsavory past .
42:::u:::s22:::Several years go by , until one night a familiar figure barges into Pip 's room -- the convict , Magwitch , who stuns Pip by announcing that he , not Miss Havisham , is the source of Pip 's fortune .
42:::n:::s27:::Pip was merely a boy for the young Estella to practice on ; Miss Havisham delighted in Estella 's ability to toy with his affections .
42:::p:::s30:::Pip makes a visit to Satis House , where Miss Havisham begs his forgiveness for the way she has treated him in the past , and he forgives her .
42:::p:::s33:::In her final days , she will continue to repent for her misdeeds and to plead for Pip 's forgiveness .
43:::u:::s8:::With Miss Havisham 's guidance , Pip is apprenticed to his brother-in-law , Joe , who is the village blacksmith .
43:::u:::s9:::Pip works in the forge unhappily , struggling to better his education with the help of the plain , kind Biddy and encountering Joe 's malicious day laborer , Orlick .
43:::u:::s10:::One night , after an altercation with Orlick , Pip 's sister , known as Mrs. Joe , is viciously attacked and becomes a mute invalid .
43:::u:::s11:::From her signals , Pip suspects that Orlick was responsible for the attack .
43:::u:::s21:::Mrs. Joe dies , and Pip goes home for the funeral , feeling tremendous grief and remorse .
43:::p:::s42:::Pip falls ill ; Joe comes to London to care for him , and they are reconciled .
43:::u:::s44:::After Joe leaves , Pip decides to rush home after him and marry Biddy , but when he arrives there he discovers that she and Joe have already married .
44:::u:::s3:::As the Gradgrind children grow older , Tom becomes a dissipated , self-interested hedonist , and Louisa struggles with deep inner confusion , feeling as though she is missing something important in her life .
44:::u:::s4:::Eventually Louisa marries Gradgrind 's friend Josiah Bounderby , a wealthy factory owner and banker more than twice her age .
44:::p:::s23:::However , Louisa instead flees to her father 's house , where she miserably confides to Gradgrind that her upbringing has left her married to a man she does not love , disconnected from her feelings , deeply unhappy , and possibly in love with Harthouse .
44:::p:::s24:::She collapses to the floor , and Gradgrind , struck dumb with self-reproach , begins to realize the imperfections in his philosophy of rational self-interest .
44:::p:::s29:::Gradgrind and Louisa realize that Tom is really responsible for robbing the bank , and they arrange to sneak him out of England with the help of the circus performers with whom Sissy spent her early childhood .
45:::n:::s12:::Dmitri has left his fiancée , Katerina , to pursue Grushenka , while Fyodor Pavlovich has promised to give Grushenka 3,000 rubles if she becomes his lover .
45:::u:::s13:::This sum is significant , as Dmitri recently stole 3,000 rubles from Katerina in order to finance a lavish trip with Grushenka , and he is now desperate to pay the money back .
45:::u:::s46:::At last he goes to Grushenka 's house , and when she is not there , he is suddenly convinced that she has gone to be with Fyodor Pavlovich .
45:::u:::s50:::He returns to Grushenka 's house , and learns from her maid that Grushenka has gone to rejoin a lover who abandoned her several years ago .
45:::u:::s54:::He buys food and wine , and travels out to see Grushenka and her lover .
45:::u:::s55:::When Grushenka sees the two men together , she realizes that she really loves Dmitri .
45:::u:::s76:::She and Dmitri forgive one another , and she arranges for Dmitri to escape from prison and flee to America with Grushenka .
46:::n:::s12:::Dmitri has left his fiancée , Katerina , to pursue Grushenka , while Fyodor Pavlovich has promised to give Grushenka 3,000 rubles if she becomes his lover .
46:::n:::s13:::This sum is significant , as Dmitri recently stole 3,000 rubles from Katerina in order to finance a lavish trip with Grushenka , and he is now desperate to pay the money back .
46:::n:::s23:::Dmitri sends Alyosha to break off Dmitri 's engagement with Katerina .
46:::u:::s29:::To his surprise , Ivan is with Katerina , and Alyosha immediately perceives that Ivan and Katerina are in love .
46:::u:::s44:::Dmitri has spent two days unsuccessfully trying to raise the money to pay Katerina the 3,000 rubles he owes her .
46:::u:::s46:::At last he goes to Grushenka 's house , and when she is not there , he is suddenly convinced that she has gone to be with Fyodor Pavlovich .
46:::u:::s50:::He returns to Grushenka 's house , and learns from her maid that Grushenka has gone to rejoin a lover who abandoned her several years ago .
46:::u:::s54:::He buys food and wine , and travels out to see Grushenka and her lover .
46:::u:::s55:::When Grushenka sees the two men together , she realizes that she really loves Dmitri .
46:::u:::s60:::Dmitri says that the money was what he had left after spending half of the 3,000 rubles he stole from Katerina , but no one believes him .
46:::u:::s72:::To clear Ivan 's name , Katerina leaps up and shows a letter she received from Dmitri in which he wrote that he was afraid he might one day murder his father .
46:::p:::s76:::She and Dmitri forgive one another , and she arranges for Dmitri to escape from prison and flee to America with Grushenka .
47:::p:::s12:::Dmitri has left his fiancée , Katerina , to pursue Grushenka , while Fyodor Pavlovich has promised to give Grushenka 3,000 rubles if she becomes his lover .
47:::p:::s13:::This sum is significant , as Dmitri recently stole 3,000 rubles from Katerina in order to finance a lavish trip with Grushenka , and he is now desperate to pay the money back .
47:::u:::s46:::At last he goes to Grushenka 's house , and when she is not there , he is suddenly convinced that she has gone to be with Fyodor Pavlovich .
47:::n:::s50:::He returns to Grushenka 's house , and learns from her maid that Grushenka has gone to rejoin a lover who abandoned her several years ago .
47:::u:::s52:::But he decides to see Grushenka one last time before he does so .
47:::u:::s54:::He buys food and wine , and travels out to see Grushenka and her lover .
47:::p:::s55:::When Grushenka sees the two men together , she realizes that she really loves Dmitri .
47:::p:::s56:::Dmitri locks the other man in a closet , and Dmitri and Grushenka begin to plan their wedding .
47:::p:::s76:::She and Dmitri forgive one another , and she arranges for Dmitri to escape from prison and flee to America with Grushenka .
48:::u:::s1:::He marries twice and has three sons : Dmitri , the child of his first wife , and Ivan and Alyosha , children of his second wife .
48:::u:::s7:::The kind , faithful Alyosha , who is about twenty , also lives in the town , where he is an acolyte , or apprentice , at the monastery , studying with the renowned elder Zosima .
48:::u:::s24:::Alyosha then argues about religion with Ivan in front of the smirking Fyodor Pavlovich .
48:::u:::s29:::To his surprise , Ivan is with Katerina , and Alyosha immediately perceives that Ivan and Katerina are in love .
48:::p:::s31:::Alyosha has dinner with Ivan , and Ivan explains to him the source of his religious doubt : he can not reconcile the idea of a loving God with the needless suffering of innocent people , particularly children .
49:::u:::s1:::He marries twice and has three sons : Dmitri , the child of his first wife , and Ivan and Alyosha , children of his second wife .
49:::u:::s3:::At the beginning of the novel , Dmitri Karamazov , who is now a twenty-eight-year-old soldier , has just returned to Fyodor Pavlovich 's town .
49:::n:::s4:::Fyodor Pavlovich is unhappy to see Dmitri because Dmitri has come to claim an inheritance left to him by his mother .
49:::n:::s8:::Eventually Dmitri and Fyodor Pavlovich agree that perhaps Zosima could help resolve the Karamazovs ' quarrel , and Alyosha tentatively consents to arrange a meeting .
49:::n:::s10:::After Fyodor Pavlovich makes a fool of himself by mocking the monks and telling vulgar stories , Dmitri arrives late , and Dmitri and Fyodor Pavlovich become embroiled in a shouting match .
49:::n:::s12:::Dmitri has left his fiancée , Katerina , to pursue Grushenka , while Fyodor Pavlovich has promised to give Grushenka 3,000 rubles if she becomes his lover .
49:::n:::s25:::Alyosha also gets caught in the middle of another explosion between Dmitri and Fyodor Pavlovich over Grushenka , in the course of which Dmitri throws Fyodor Pavlovich to the ground and threatens to kill him .
49:::u:::s46:::At last he goes to Grushenka 's house , and when she is not there , he is suddenly convinced that she has gone to be with Fyodor Pavlovich .
49:::u:::s48:::While prowling on the grounds , Dmitri strikes Fyodor Pavlovich 's old servant , Grigory , leaving him bloody and unconscious .
49:::u:::s65:::Ivan talks to Smerdyakov about Fyodor Pavlovich 's death , and Smerdyakov confesses to Ivan that he , and not Dmitri , committed the murder .
50:::u:::s1:::He marries twice and has three sons : Dmitri , the child of his first wife , and Ivan and Alyosha , children of his second wife .
50:::u:::s8:::Eventually Dmitri and Fyodor Pavlovich agree that perhaps Zosima could help resolve the Karamazovs ' quarrel , and Alyosha tentatively consents to arrange a meeting .
50:::u:::s15:::He later explains to Alyosha that he could see that Dmitri is destined to suffer greatly .
50:::u:::s23:::Dmitri sends Alyosha to break off Dmitri 's engagement with Katerina .
50:::u:::s25:::Alyosha also gets caught in the middle of another explosion between Dmitri and Fyodor Pavlovich over Grushenka , in the course of which Dmitri throws Fyodor Pavlovich to the ground and threatens to kill him .
50:::p:::s26:::But despite the hardships of his day , Alyosha is so gentle and loving that he is concerned only with how he might help his family .
50:::u:::s29:::To his surprise , Ivan is with Katerina , and Alyosha immediately perceives that Ivan and Katerina are in love .
50:::u:::s77:::Alyosha 's friend Ilyusha dies , and Alyosha gives a speech to the schoolboys at his funeral .
