,sequence,sid,pos_acts_toeachother,neg_acts_toeachother,pos_acts_together,neg_acts_together,pos_char1_acts,neg_char1_acts,pos_char2_acts,neg_char2_acts,pos,neg
0,1,s0,0,0,0.0,0.0,0.0,0.0,0.0,1.0,0.0,1.0
1,1,s9,0,0,0.0,0.0,0.0,0.0,0.0,0.0,0.0,0.0
2,1,s10,0,0,0.0,0.0,0.0,0.0,1.0,0.0,0.0,0.0
3,1,s12,0,0,0.0,0.0,0.0,0.0,0.0,0.0,0.0,0.0
4,1,s13,0,0,0.0,0.0,0.0,0.0,0.0,0.0,0.0,2.0
5,1,s14,0,0,0.0,0.0,0.0,0.0,0.0,0.0,0.0,0.0
6,1,s17,0,0,0.0,0.0,0.0,0.0,0.0,0.0,0.0,0.0
7,1,s21,0,0,1.0,0.0,0.0,0.0,0.0,0.0,1.0,0.0
8,1,s23,0,0,0.0,0.0,0.0,0.0,0.0,0.0,0.0,0.0
9,1,s24,0,0,0.0,0.0,0.0,0.0,0.0,0.0,0.0,0.0
10,2,s0,0,0,0.0,0.0,0.0,0.0,0.0,0.0,1.0,0.0
11,2,s12,0,0,0.0,0.0,0.0,0.0,0.0,0.0,0.0,0.0
12,2,s14,0,0,0.0,0.0,0.0,0.0,0.0,0.0,0.0,1.0
13,2,s16,0,0,0.0,0.0,0.0,0.0,0.0,0.0,0.0,1.0
14,2,s20,0,0,0.0,0.0,0.0,0.0,0.0,0.0,0.0,0.0
15,2,s24,0,0,0.0,0.0,0.0,0.0,0.0,0.0,1.0,0.0
16,3,s0,0,0,0.0,0.0,0.0,0.0,0.0,1.0,1.0,0.0
17,3,s10,0,0,1.0,0.0,0.0,1.0,0.0,0.0,1.0,1.0
18,3,s14,0,0,0.0,0.0,0.0,0.0,0.0,0.0,0.0,0.0
19,3,s15,0,0,0.0,0.0,0.0,0.0,0.0,0.0,0.0,1.0
20,3,s17,0,0,0.0,0.0,0.0,0.0,0.0,0.0,0.0,0.0
21,4,s0,0,0,0.0,0.0,0.0,1.0,0.0,0.0,1.0,0.0
22,4,s12,0,0,0.0,0.0,0.0,0.0,0.0,0.0,0.0,0.0
23,4,s14,0,0,0.0,0.0,0.0,0.0,0.0,0.0,0.0,1.0
24,4,s15,0,0,0.0,0.0,0.0,0.0,0.0,0.0,0.0,1.0
25,4,s18,0,0,0.0,0.0,0.0,0.0,0.0,1.0,0.0,1.0
26,4,s22,1,0,0.0,1.0,0.0,0.0,0.0,0.0,0.0,1.0
27,4,s24,0,0,0.0,0.0,0.0,0.0,0.0,0.0,1.0,0.0
28,5,s5,0,0,0.0,0.0,0.0,0.0,0.0,0.0,0.0,0.0
29,5,s6,0,0,0.0,0.0,0.0,0.0,0.0,0.0,0.0,0.0
30,5,s7,0,0,0.0,0.0,0.0,1.0,0.0,0.0,1.0,1.0
31,5,s15,0,0,0.0,0.0,0.0,1.0,0.0,0.0,1.0,0.0
32,5,s40,0,0,0.0,0.0,0.0,0.0,1.0,0.0,1.0,0.0
33,5,s41,0,0,0.0,0.0,0.0,0.0,0.0,0.0,0.0,1.0
34,6,s10,0,0,0.0,0.0,0.0,0.0,0.0,0.0,0.0,0.0
35,6,s11,0,0,0.0,0.0,0.0,0.0,1.0,0.0,0.0,1.0
36,6,s12,0,0,1.0,0.0,0.0,0.0,0.0,0.0,2.0,0.0
37,6,s14,0,0,0.0,0.0,0.0,0.0,0.0,0.0,0.0,0.0
38,6,s21,0,0,0.0,0.0,0.0,0.0,0.0,0.0,0.0,1.0
39,6,s30,0,0,0.0,0.0,0.0,0.0,0.0,0.0,0.0,0.0
40,6,s41,0,0,0.0,0.0,0.0,0.0,0.0,0.0,0.0,0.0
41,6,s42,0,0,0.0,0.0,0.0,0.0,0.0,0.0,0.0,0.0
42,6,s44,0,0,0.0,0.0,0.0,0.0,0.0,0.0,0.0,0.0
43,7,s30,0,0,0.0,0.0,0.0,0.0,0.0,0.0,0.0,1.0
44,7,s36,0,0,0.0,0.0,0.0,1.0,0.0,0.0,0.0,0.0
45,7,s40,0,0,0.0,0.0,1.0,0.0,0.0,0.0,1.0,0.0
46,7,s42,0,0,0.0,0.0,0.0,0.0,0.0,0.0,0.0,0.0
47,7,s70,0,0,0.0,0.0,0.0,1.0,0.0,0.0,0.0,2.0
48,8,s18,0,0,0.0,0.0,0.0,0.0,0.0,0.0,0.0,0.0
49,8,s23,0,0,0.0,1.0,0.0,0.0,0.0,0.0,0.0,0.0
50,8,s34,0,0,0.0,0.0,0.0,0.0,0.0,0.0,0.0,0.0
51,8,s43,0,0,0.0,0.0,0.0,0.0,0.0,0.0,0.0,0.0
52,8,s47,0,0,0.0,0.0,0.0,0.0,0.0,0.0,0.0,0.0
53,8,s61,0,0,1.0,0.0,0.0,0.0,0.0,0.0,0.0,0.0
54,8,s71,0,0,0.0,1.0,0.0,0.0,0.0,0.0,0.0,0.0
55,9,s18,0,0,0.0,0.0,0.0,0.0,0.0,0.0,0.0,0.0
56,9,s19,0,0,0.0,0.0,0.0,0.0,0.0,0.0,0.0,0.0
57,9,s20,0,0,0.0,0.0,0.0,0.0,0.0,0.0,0.0,0.0
58,9,s54,0,0,0.0,0.0,0.0,0.0,0.0,0.0,0.0,0.0
59,9,s59,0,0,0.0,1.0,0.0,0.0,0.0,0.0,0.0,2.0
60,9,s60,0,0,0.0,0.0,0.0,0.0,0.0,0.0,0.0,0.0
61,9,s71,0,0,0.0,0.0,0.0,1.0,0.0,0.0,0.0,2.0
62,10,s26,0,0,0.0,0.0,0.0,0.0,0.0,0.0,0.0,0.0
63,10,s27,0,0,0.0,0.0,0.0,0.0,0.0,0.0,0.0,0.0
64,10,s32,0,0,0.0,0.0,0.0,0.0,0.0,0.0,1.0,0.0
65,10,s33,0,0,0.0,0.0,0.0,0.0,0.0,0.0,2.0,0.0
66,10,s34,0,0,0.0,0.0,0.0,0.0,0.0,0.0,0.0,0.0
67,11,s22,0,0,0.0,0.0,0.0,0.0,0.0,0.0,0.0,0.0
68,11,s29,0,0,0.0,0.0,0.0,0.0,0.0,0.0,0.0,0.0
69,11,s30,0,0,0.0,0.0,0.0,0.0,0.0,0.0,0.0,1.0
70,11,s34,0,0,0.0,0.0,0.0,0.0,0.0,0.0,0.0,0.0
71,11,s42,0,0,0.0,0.0,0.0,0.0,0.0,0.0,0.0,0.0
72,11,s43,0,0,0.0,0.0,0.0,0.0,0.0,0.0,0.0,0.0
73,11,s71,0,0,0.0,1.0,0.0,0.0,0.0,1.0,0.0,1.0
74,12,s11,0,0,0.0,0.0,0.0,0.0,0.0,0.0,1.0,0.0
75,12,s12,0,0,0.0,0.0,0.0,0.0,0.0,0.0,0.0,1.0
76,12,s13,0,0,0.0,1.0,0.0,0.0,1.0,0.0,1.0,1.0
77,12,s14,0,0,0.0,0.0,0.0,0.0,0.0,0.0,0.0,0.0
78,12,s15,0,0,0.0,0.0,0.0,0.0,0.0,0.0,0.0,0.0
79,13,s12,0,0,0.0,0.0,0.0,0.0,0.0,0.0,0.0,0.0
80,13,s18,0,0,0.0,0.0,0.0,0.0,0.0,0.0,0.0,0.0
81,13,s19,0,0,1.0,0.0,0.0,0.0,0.0,0.0,1.0,0.0
82,13,s29,0,0,0.0,0.0,0.0,0.0,0.0,0.0,0.0,0.0
83,13,s38,0,0,0.0,0.0,0.0,0.0,0.0,0.0,0.0,0.0
84,13,s53,0,0,0.0,0.0,0.0,0.0,0.0,0.0,0.0,0.0
85,13,s59,0,0,0.0,0.0,0.0,0.0,0.0,0.0,0.0,0.0
86,14,s3,0,0,0.0,0.0,0.0,0.0,0.0,0.0,0.0,0.0
87,14,s4,0,0,0.0,0.0,0.0,0.0,0.0,0.0,0.0,0.0
88,14,s5,0,0,0.0,0.0,0.0,0.0,0.0,0.0,0.0,0.0
89,14,s6,0,0,0.0,0.0,0.0,0.0,0.0,0.0,0.0,1.0
90,14,s8,0,0,0.0,0.0,0.0,0.0,0.0,0.0,0.0,0.0
91,14,s18,0,0,0.0,0.0,0.0,0.0,0.0,0.0,0.0,0.0
92,14,s19,0,0,1.0,0.0,0.0,0.0,0.0,1.0,1.0,1.0
93,14,s24,0,0,0.0,0.0,0.0,0.0,0.0,0.0,0.0,0.0
94,14,s26,0,0,0.0,0.0,0.0,0.0,0.0,0.0,0.0,0.0
95,14,s27,0,0,0.0,0.0,0.0,0.0,0.0,0.0,0.0,0.0
96,14,s28,0,0,0.0,0.0,0.0,0.0,0.0,0.0,0.0,0.0
97,14,s30,0,0,0.0,0.0,0.0,0.0,0.0,0.0,0.0,0.0
98,14,s32,0,0,0.0,0.0,0.0,0.0,0.0,0.0,0.0,0.0
99,14,s34,0,0,0.0,0.0,0.0,0.0,0.0,0.0,0.0,0.0
100,14,s36,0,0,0.0,0.0,0.0,0.0,0.0,0.0,0.0,0.0
101,14,s42,0,0,0.0,0.0,0.0,0.0,0.0,0.0,0.0,0.0
102,14,s44,0,0,1.0,0.0,0.0,1.0,0.0,0.0,0.0,1.0
103,14,s45,0,0,0.0,0.0,0.0,0.0,0.0,0.0,0.0,0.0
104,14,s50,0,0,0.0,0.0,0.0,0.0,0.0,0.0,0.0,0.0
105,14,s56,0,0,0.0,0.0,0.0,0.0,0.0,0.0,0.0,0.0
106,14,s58,0,0,0.0,0.0,0.0,0.0,0.0,0.0,0.0,0.0
107,14,s62,0,0,1.0,0.0,0.0,0.0,0.0,0.0,0.0,1.0
108,14,s63,0,1,0.0,1.0,0.0,0.0,0.0,0.0,0.0,1.0
109,14,s64,0,0,0.0,0.0,0.0,0.0,0.0,0.0,2.0,0.0
110,15,s0,0,0,0.0,0.0,0.0,0.0,0.0,0.0,0.0,0.0
111,15,s14,0,0,0.0,0.0,0.0,0.0,0.0,0.0,0.0,0.0
112,15,s15,0,0,0.0,0.0,0.0,0.0,0.0,0.0,0.0,0.0
113,15,s21,0,0,0.0,0.0,0.0,0.0,0.0,0.0,0.0,0.0
114,15,s22,0,0,0.0,0.0,0.0,0.0,0.0,0.0,0.0,0.0
115,15,s27,0,0,0.0,0.0,0.0,0.0,0.0,0.0,0.0,0.0
116,15,s30,0,0,0.0,0.0,0.0,0.0,0.0,0.0,0.0,0.0
117,15,s35,0,0,0.0,0.0,0.0,0.0,0.0,0.0,0.0,1.0
118,15,s39,0,0,0.0,0.0,0.0,0.0,0.0,0.0,1.0,0.0
119,15,s68,0,0,0.0,1.0,0.0,0.0,0.0,0.0,0.0,0.0
120,15,s75,0,0,0.0,0.0,0.0,0.0,0.0,0.0,0.0,0.0
121,16,s31,0,0,0.0,0.0,0.0,0.0,0.0,0.0,0.0,0.0
122,16,s34,0,0,0.0,0.0,0.0,0.0,0.0,0.0,0.0,0.0
123,16,s37,0,0,0.0,0.0,0.0,0.0,0.0,0.0,0.0,0.0
124,16,s38,0,0,0.0,0.0,0.0,0.0,0.0,0.0,0.0,0.0
125,16,s50,0,0,0.0,0.0,0.0,0.0,0.0,0.0,0.0,0.0
126,16,s69,0,0,0.0,0.0,0.0,0.0,0.0,0.0,0.0,0.0
127,16,s71,0,0,0.0,0.0,0.0,0.0,0.0,0.0,0.0,0.0
128,16,s77,0,0,0.0,0.0,0.0,0.0,0.0,0.0,0.0,0.0
129,17,s10,0,0,0.0,0.0,0.0,0.0,0.0,0.0,0.0,0.0
130,17,s11,0,0,0.0,0.0,0.0,0.0,0.0,0.0,0.0,1.0
131,17,s13,0,0,0.0,0.0,0.0,0.0,0.0,0.0,0.0,0.0
132,17,s17,0,0,0.0,0.0,0.0,0.0,0.0,0.0,0.0,0.0
133,17,s32,0,0,0.0,1.0,0.0,0.0,0.0,0.0,0.0,1.0
134,17,s39,0,0,0.0,0.0,0.0,0.0,0.0,0.0,2.0,0.0
135,17,s76,0,0,0.0,0.0,0.0,0.0,0.0,1.0,0.0,0.0
136,17,s79,0,0,0.0,0.0,1.0,0.0,0.0,0.0,0.0,0.0
137,18,s10,0,0,0.0,0.0,0.0,0.0,0.0,0.0,0.0,0.0
138,18,s14,0,0,0.0,0.0,0.0,0.0,0.0,0.0,0.0,0.0
139,18,s16,0,0,1.0,0.0,0.0,0.0,0.0,0.0,1.0,0.0
140,18,s27,0,0,0.0,1.0,0.0,0.0,0.0,0.0,0.0,1.0
141,18,s38,0,0,0.0,0.0,0.0,0.0,0.0,0.0,1.0,0.0
142,18,s47,0,0,0.0,0.0,0.0,0.0,1.0,0.0,1.0,0.0
143,18,s48,0,0,0.0,0.0,0.0,0.0,1.0,0.0,0.0,0.0
144,18,s51,0,0,0.0,0.0,0.0,0.0,0.0,0.0,0.0,0.0
145,19,s4,0,0,0.0,0.0,0.0,0.0,0.0,0.0,1.0,1.0
146,19,s5,0,0,0.0,0.0,0.0,0.0,2.0,0.0,2.0,1.0
147,19,s6,0,0,0.0,0.0,0.0,0.0,0.0,1.0,0.0,1.0
148,19,s7,0,0,0.0,0.0,0.0,0.0,0.0,0.0,0.0,0.0
149,19,s20,0,0,0.0,0.0,0.0,0.0,0.0,0.0,0.0,0.0
150,19,s21,0,0,0.0,1.0,0.0,0.0,0.0,0.0,1.0,0.0
151,19,s24,0,0,0.0,0.0,0.0,0.0,0.0,0.0,0.0,0.0
152,19,s30,0,0,0.0,0.0,0.0,0.0,0.0,0.0,0.0,0.0
153,19,s41,0,0,0.0,0.0,0.0,0.0,0.0,0.0,0.0,0.0
154,19,s42,0,0,0.0,0.0,0.0,0.0,0.0,0.0,0.0,0.0
155,19,s46,0,0,0.0,0.0,0.0,0.0,0.0,0.0,0.0,0.0
156,19,s52,0,0,0.0,0.0,0.0,0.0,0.0,0.0,0.0,0.0
157,20,s3,0,0,1.0,0.0,0.0,0.0,0.0,0.0,3.0,0.0
158,20,s6,0,0,0.0,1.0,0.0,0.0,0.0,0.0,0.0,2.0
159,20,s14,0,0,0.0,0.0,0.0,0.0,0.0,0.0,0.0,0.0
160,20,s17,0,0,0.0,0.0,0.0,0.0,0.0,0.0,0.0,0.0
161,20,s27,0,0,0.0,0.0,0.0,0.0,0.0,0.0,0.0,0.0
162,20,s28,0,0,0.0,0.0,0.0,0.0,0.0,0.0,0.0,0.0
163,20,s36,0,0,0.0,0.0,0.0,0.0,0.0,0.0,0.0,0.0
164,20,s37,0,0,0.0,0.0,0.0,0.0,0.0,0.0,0.0,0.0
165,20,s42,0,0,0.0,0.0,0.0,0.0,0.0,0.0,0.0,0.0
166,20,s50,0,0,0.0,0.0,0.0,0.0,0.0,0.0,1.0,0.0
167,20,s51,0,0,0.0,0.0,0.0,0.0,0.0,0.0,0.0,0.0
168,21,s16,0,0,0.0,0.0,0.0,0.0,0.0,0.0,0.0,0.0
169,21,s27,0,0,0.0,0.0,0.0,0.0,0.0,0.0,2.0,0.0
170,21,s28,0,0,0.0,0.0,0.0,0.0,0.0,0.0,0.0,0.0
171,21,s29,0,0,0.0,0.0,0.0,0.0,0.0,0.0,0.0,0.0
172,21,s30,0,0,0.0,0.0,0.0,0.0,0.0,0.0,0.0,0.0
173,22,s1,0,0,0.0,0.0,0.0,0.0,0.0,0.0,0.0,0.0
174,22,s51,0,0,0.0,0.0,0.0,0.0,0.0,0.0,0.0,1.0
175,22,s69,0,0,0.0,0.0,0.0,0.0,0.0,1.0,0.0,1.0
176,22,s70,0,0,0.0,0.0,0.0,0.0,0.0,0.0,0.0,0.0
177,22,s72,0,0,0.0,0.0,0.0,0.0,0.0,0.0,0.0,0.0
178,22,s73,0,0,0.0,0.0,0.0,0.0,1.0,0.0,1.0,0.0
179,22,s74,0,0,0.0,0.0,0.0,0.0,0.0,0.0,0.0,0.0
180,23,s31,0,0,0.0,0.0,0.0,0.0,0.0,0.0,2.0,0.0
181,23,s32,0,0,0.0,0.0,0.0,0.0,0.0,0.0,0.0,0.0
182,23,s35,0,0,0.0,0.0,0.0,0.0,0.0,2.0,0.0,2.0
183,23,s44,0,0,0.0,1.0,0.0,0.0,0.0,0.0,0.0,1.0
184,23,s51,0,0,0.0,0.0,0.0,0.0,0.0,0.0,0.0,1.0
185,23,s60,0,0,0.0,0.0,0.0,0.0,0.0,0.0,0.0,0.0
186,23,s66,0,0,0.0,0.0,0.0,0.0,2.0,0.0,1.0,1.0
187,23,s68,0,0,0.0,0.0,0.0,0.0,0.0,0.0,0.0,0.0
188,24,s17,0,0,0.0,0.0,0.0,0.0,0.0,0.0,0.0,0.0
189,24,s31,0,0,0.0,0.0,0.0,0.0,0.0,0.0,2.0,0.0
190,24,s35,0,0,0.0,0.0,0.0,0.0,0.0,1.0,0.0,0.0
191,24,s44,0,0,0.0,1.0,0.0,0.0,0.0,0.0,0.0,1.0
192,24,s60,0,0,0.0,0.0,0.0,0.0,0.0,0.0,0.0,0.0
193,24,s66,0,0,0.0,0.0,0.0,0.0,2.0,0.0,1.0,1.0
194,25,s32,0,0,0.0,0.0,0.0,0.0,0.0,0.0,0.0,0.0
195,25,s34,0,0,0.0,0.0,0.0,0.0,0.0,1.0,0.0,0.0
196,25,s41,0,0,0.0,0.0,0.0,0.0,0.0,0.0,0.0,1.0
197,25,s46,0,0,0.0,0.0,0.0,0.0,0.0,0.0,0.0,1.0
198,25,s47,0,0,0.0,0.0,0.0,0.0,0.0,0.0,1.0,0.0
199,26,s0,0,0,0.0,0.0,0.0,0.0,0.0,0.0,0.0,0.0
200,26,s2,0,0,0.0,0.0,0.0,0.0,0.0,0.0,0.0,0.0
201,26,s8,0,0,0.0,0.0,0.0,0.0,0.0,0.0,1.0,0.0
202,26,s12,0,0,0.0,0.0,0.0,0.0,0.0,0.0,0.0,0.0
203,26,s14,0,0,0.0,0.0,0.0,0.0,0.0,0.0,0.0,0.0
204,26,s24,0,0,0.0,0.0,0.0,0.0,0.0,0.0,0.0,0.0
205,26,s25,0,0,0.0,0.0,0.0,0.0,0.0,0.0,0.0,1.0
206,26,s40,0,0,0.0,0.0,0.0,0.0,0.0,0.0,0.0,0.0
207,26,s44,0,0,0.0,0.0,0.0,0.0,0.0,0.0,0.0,0.0
208,26,s47,0,0,0.0,0.0,0.0,0.0,0.0,0.0,1.0,0.0
209,26,s48,0,0,0.0,1.0,0.0,0.0,0.0,0.0,1.0,2.0
210,27,s1,0,0,0.0,0.0,0.0,0.0,0.0,0.0,0.0,0.0
211,27,s3,0,0,0.0,1.0,0.0,0.0,0.0,0.0,0.0,0.0
212,27,s7,0,0,0.0,0.0,0.0,0.0,0.0,0.0,0.0,0.0
213,27,s10,0,0,0.0,0.0,0.0,0.0,0.0,0.0,0.0,0.0
214,27,s16,0,0,0.0,1.0,0.0,0.0,0.0,0.0,0.0,1.0
215,27,s18,0,0,0.0,0.0,0.0,0.0,0.0,0.0,1.0,1.0
216,28,s2,0,0,0.0,0.0,0.0,0.0,0.0,0.0,0.0,0.0
217,28,s9,0,0,0.0,0.0,0.0,0.0,0.0,0.0,0.0,0.0
218,28,s18,0,0,0.0,0.0,0.0,0.0,0.0,0.0,0.0,0.0
219,28,s19,0,0,0.0,0.0,0.0,0.0,2.0,0.0,0.0,0.0
220,28,s28,0,0,0.0,0.0,0.0,0.0,0.0,1.0,0.0,1.0
221,29,s2,0,0,0.0,0.0,0.0,0.0,0.0,0.0,0.0,0.0
222,29,s3,0,0,0.0,0.0,0.0,0.0,0.0,0.0,0.0,0.0
223,29,s9,0,0,0.0,0.0,0.0,0.0,0.0,0.0,0.0,0.0
224,29,s18,0,0,0.0,0.0,0.0,0.0,0.0,0.0,0.0,0.0
225,29,s20,0,0,0.0,0.0,0.0,0.0,0.0,0.0,0.0,0.0
226,29,s21,0,0,0.0,0.0,0.0,0.0,0.0,0.0,0.0,0.0
227,29,s25,0,0,0.0,0.0,0.0,0.0,0.0,0.0,0.0,1.0
228,29,s68,0,0,0.0,0.0,2.0,0.0,0.0,0.0,0.0,0.0
229,29,s70,0,0,1.0,0.0,0.0,0.0,0.0,0.0,1.0,0.0
230,30,s20,0,0,0.0,0.0,0.0,0.0,0.0,0.0,0.0,0.0
231,30,s36,0,0,0.0,0.0,0.0,0.0,0.0,0.0,0.0,0.0
232,30,s38,0,0,0.0,0.0,0.0,1.0,0.0,0.0,1.0,2.0
233,30,s40,0,0,0.0,0.0,0.0,0.0,0.0,0.0,0.0,0.0
234,30,s44,0,0,1.0,0.0,0.0,0.0,0.0,0.0,1.0,0.0
235,30,s45,0,0,0.0,0.0,0.0,0.0,0.0,0.0,0.0,0.0
236,30,s46,0,0,0.0,0.0,0.0,0.0,0.0,1.0,0.0,0.0
237,30,s47,0,0,0.0,0.0,0.0,0.0,0.0,0.0,0.0,0.0
238,30,s49,0,0,0.0,0.0,0.0,0.0,0.0,0.0,0.0,1.0
239,30,s51,0,0,1.0,0.0,0.0,0.0,0.0,0.0,1.0,0.0
240,30,s52,0,0,0.0,0.0,0.0,0.0,0.0,1.0,0.0,1.0
241,30,s54,0,0,0.0,0.0,0.0,0.0,0.0,0.0,0.0,0.0
242,30,s64,0,0,0.0,0.0,0.0,0.0,0.0,0.0,0.0,0.0
243,30,s66,0,0,1.0,0.0,0.0,0.0,0.0,0.0,1.0,0.0
244,30,s71,0,0,0.0,1.0,0.0,1.0,0.0,0.0,0.0,2.0
245,31,s2,0,0,0.0,0.0,0.0,0.0,0.0,0.0,0.0,0.0
246,31,s3,0,0,0.0,0.0,0.0,0.0,0.0,0.0,0.0,0.0
247,31,s22,0,0,0.0,0.0,0.0,0.0,0.0,0.0,0.0,0.0
248,31,s64,0,0,0.0,0.0,0.0,0.0,0.0,0.0,0.0,0.0
249,31,s89,0,0,0.0,0.0,0.0,0.0,0.0,0.0,0.0,0.0
250,31,s92,0,1,0.0,1.0,0.0,0.0,0.0,0.0,0.0,1.0
251,31,s93,0,0,0.0,0.0,0.0,1.0,0.0,0.0,0.0,1.0
252,32,s18,0,0,0.0,0.0,0.0,0.0,0.0,0.0,0.0,0.0
253,32,s20,0,0,0.0,0.0,0.0,0.0,0.0,0.0,0.0,0.0
254,32,s21,0,0,0.0,0.0,0.0,0.0,0.0,0.0,0.0,0.0
255,32,s23,0,0,0.0,0.0,0.0,0.0,0.0,0.0,1.0,0.0
256,32,s24,0,0,0.0,0.0,0.0,0.0,0.0,0.0,0.0,0.0
257,32,s25,0,0,0.0,0.0,0.0,0.0,0.0,0.0,0.0,0.0
258,32,s26,0,0,0.0,0.0,0.0,0.0,0.0,0.0,1.0,0.0
259,32,s28,0,0,1.0,0.0,0.0,0.0,0.0,0.0,2.0,0.0
260,32,s37,0,0,0.0,0.0,0.0,0.0,0.0,0.0,0.0,0.0
261,32,s38,0,0,0.0,0.0,0.0,0.0,0.0,0.0,0.0,0.0
262,33,s58,0,0,0.0,0.0,0.0,0.0,0.0,0.0,0.0,0.0
263,33,s59,0,0,0.0,0.0,0.0,0.0,0.0,0.0,0.0,0.0
264,33,s60,0,0,0.0,0.0,0.0,0.0,0.0,0.0,0.0,0.0
265,33,s63,0,0,0.0,0.0,0.0,0.0,0.0,0.0,0.0,0.0
266,33,s64,0,0,0.0,0.0,0.0,0.0,0.0,0.0,0.0,0.0
267,33,s75,0,0,0.0,0.0,0.0,0.0,0.0,0.0,1.0,0.0
268,33,s80,0,0,0.0,0.0,0.0,0.0,0.0,0.0,1.0,0.0
269,33,s81,0,0,0.0,0.0,0.0,0.0,0.0,0.0,1.0,0.0
270,34,s19,0,0,0.0,0.0,0.0,0.0,0.0,0.0,0.0,0.0
271,34,s20,0,0,0.0,1.0,0.0,0.0,0.0,0.0,0.0,1.0
272,34,s26,0,0,1.0,0.0,0.0,0.0,0.0,0.0,1.0,0.0
273,34,s36,0,0,0.0,0.0,0.0,0.0,0.0,0.0,0.0,0.0
274,34,s37,0,0,0.0,1.0,0.0,0.0,0.0,0.0,0.0,1.0
275,35,s0,0,0,0.0,0.0,0.0,0.0,0.0,0.0,0.0,0.0
276,35,s3,0,0,0.0,0.0,0.0,0.0,0.0,0.0,0.0,0.0
277,35,s4,0,0,0.0,0.0,0.0,0.0,0.0,0.0,0.0,1.0
278,35,s19,0,0,0.0,0.0,0.0,0.0,0.0,0.0,0.0,0.0
279,35,s24,0,0,0.0,0.0,0.0,0.0,0.0,0.0,0.0,0.0
280,35,s25,0,0,0.0,0.0,0.0,0.0,0.0,0.0,0.0,0.0
281,35,s34,0,0,0.0,0.0,0.0,1.0,0.0,0.0,0.0,1.0
282,35,s37,0,0,0.0,1.0,0.0,0.0,0.0,0.0,0.0,1.0
283,36,s5,0,0,0.0,0.0,0.0,0.0,0.0,0.0,0.0,0.0
284,36,s7,0,0,0.0,0.0,0.0,0.0,0.0,0.0,0.0,0.0
285,36,s9,0,0,0.0,0.0,0.0,0.0,0.0,0.0,0.0,0.0
286,36,s10,0,0,0.0,0.0,0.0,0.0,0.0,0.0,1.0,0.0
287,36,s11,0,0,0.0,0.0,0.0,0.0,0.0,0.0,0.0,0.0
288,36,s14,0,0,0.0,0.0,0.0,0.0,0.0,0.0,0.0,0.0
289,36,s15,0,0,0.0,0.0,0.0,0.0,0.0,0.0,0.0,0.0
290,36,s16,0,0,1.0,0.0,1.0,0.0,0.0,0.0,1.0,0.0
291,36,s18,0,0,0.0,0.0,0.0,0.0,0.0,0.0,0.0,0.0
292,36,s19,0,0,0.0,0.0,0.0,0.0,0.0,0.0,0.0,0.0
293,36,s27,0,0,0.0,0.0,0.0,0.0,0.0,0.0,0.0,0.0
294,36,s29,0,0,0.0,0.0,0.0,1.0,0.0,0.0,0.0,0.0
295,36,s30,0,0,0.0,0.0,0.0,0.0,0.0,0.0,0.0,0.0
296,36,s31,0,0,0.0,0.0,0.0,1.0,0.0,0.0,0.0,0.0
297,36,s33,0,0,0.0,0.0,0.0,0.0,0.0,0.0,0.0,1.0
298,36,s37,0,0,0.0,1.0,0.0,0.0,0.0,0.0,0.0,1.0
299,36,s38,0,0,0.0,1.0,0.0,1.0,0.0,0.0,0.0,3.0
300,36,s39,0,0,0.0,0.0,0.0,0.0,0.0,0.0,0.0,0.0
301,37,s12,0,0,0.0,0.0,0.0,0.0,0.0,0.0,0.0,0.0
302,37,s21,0,0,0.0,0.0,0.0,0.0,0.0,0.0,0.0,0.0
303,37,s24,0,0,0.0,0.0,0.0,0.0,0.0,1.0,0.0,0.0
304,37,s25,0,0,0.0,0.0,0.0,1.0,0.0,1.0,0.0,1.0
305,37,s26,1,1,2.0,1.0,0.0,0.0,0.0,0.0,1.0,0.0
306,37,s29,0,0,0.0,0.0,0.0,1.0,0.0,0.0,0.0,1.0
307,37,s31,0,0,0.0,1.0,0.0,0.0,0.0,0.0,0.0,0.0
308,38,s6,0,0,0.0,0.0,0.0,0.0,0.0,0.0,0.0,0.0
309,38,s8,0,0,0.0,0.0,0.0,0.0,0.0,0.0,0.0,0.0
310,38,s19,0,1,0.0,0.0,0.0,0.0,0.0,0.0,1.0,0.0
311,38,s20,0,0,0.0,0.0,0.0,0.0,0.0,1.0,2.0,0.0
312,38,s22,0,0,0.0,0.0,0.0,0.0,0.0,0.0,0.0,0.0
313,38,s25,0,0,0.0,0.0,0.0,1.0,0.0,0.0,0.0,2.0
314,38,s26,0,0,1.0,1.0,1.0,0.0,0.0,0.0,2.0,0.0
315,38,s27,0,0,0.0,1.0,0.0,0.0,0.0,0.0,0.0,0.0
316,38,s31,0,0,0.0,1.0,0.0,0.0,0.0,0.0,0.0,0.0
317,38,s33,0,0,0.0,0.0,0.0,0.0,0.0,0.0,1.0,0.0
318,38,s34,0,0,0.0,0.0,0.0,0.0,1.0,0.0,3.0,0.0
319,38,s36,0,0,0.0,0.0,0.0,0.0,0.0,0.0,0.0,0.0
320,39,s2,0,0,0.0,0.0,0.0,0.0,1.0,0.0,1.0,0.0
321,39,s3,0,0,0.0,0.0,0.0,0.0,0.0,1.0,0.0,0.0
322,39,s4,0,0,1.0,0.0,0.0,0.0,0.0,0.0,1.0,0.0
323,39,s5,0,0,0.0,0.0,0.0,0.0,0.0,0.0,0.0,1.0
324,39,s9,0,0,0.0,1.0,0.0,0.0,0.0,0.0,0.0,0.0
325,39,s10,0,0,0.0,0.0,0.0,0.0,1.0,0.0,1.0,0.0
326,39,s21,0,0,0.0,0.0,0.0,0.0,0.0,0.0,0.0,0.0
327,39,s22,0,0,0.0,0.0,0.0,0.0,0.0,0.0,1.0,0.0
328,39,s24,0,0,0.0,0.0,0.0,1.0,0.0,0.0,0.0,0.0
329,39,s31,0,0,0.0,1.0,0.0,0.0,0.0,1.0,0.0,2.0
330,39,s33,0,0,0.0,0.0,0.0,0.0,0.0,0.0,0.0,1.0
331,39,s34,0,0,0.0,0.0,0.0,0.0,1.0,0.0,1.0,0.0
332,39,s35,0,0,1.0,0.0,1.0,0.0,0.0,0.0,1.0,0.0
333,39,s36,0,0,0.0,0.0,0.0,0.0,0.0,0.0,0.0,0.0
334,40,s17,0,0,0.0,1.0,0.0,0.0,0.0,0.0,2.0,1.0
335,40,s19,0,1,0.0,0.0,0.0,0.0,0.0,0.0,1.0,0.0
336,40,s25,0,0,0.0,0.0,0.0,1.0,0.0,1.0,0.0,1.0
337,40,s26,0,0,2.0,1.0,0.0,0.0,0.0,0.0,1.0,2.0
338,40,s29,0,0,0.0,0.0,0.0,0.0,0.0,0.0,1.0,0.0
339,41,s7,0,0,0.0,0.0,0.0,0.0,0.0,0.0,1.0,0.0
340,41,s22,0,1,0.0,0.0,0.0,0.0,0.0,0.0,1.0,0.0
341,41,s31,0,0,0.0,1.0,0.0,0.0,0.0,1.0,0.0,1.0
342,41,s32,0,0,1.0,0.0,0.0,0.0,0.0,0.0,1.0,0.0
343,41,s33,0,0,0.0,0.0,0.0,0.0,0.0,0.0,1.0,1.0
344,41,s34,0,0,1.0,0.0,0.0,0.0,0.0,0.0,2.0,0.0
345,41,s36,0,0,0.0,0.0,0.0,0.0,0.0,0.0,0.0,0.0
346,42,s35,0,0,0.0,0.0,1.0,0.0,0.0,0.0,2.0,0.0
347,42,s38,0,0,0.0,0.0,0.0,0.0,0.0,0.0,0.0,0.0
348,42,s39,0,0,0.0,0.0,0.0,0.0,0.0,0.0,1.0,0.0
349,42,s80,0,0,0.0,0.0,0.0,0.0,0.0,0.0,0.0,1.0
350,42,s85,0,0,0.0,0.0,0.0,0.0,0.0,0.0,0.0,0.0
351,43,s31,0,0,1.0,0.0,0.0,0.0,0.0,0.0,0.0,0.0
352,43,s32,0,0,0.0,0.0,0.0,0.0,0.0,0.0,0.0,0.0
353,43,s34,0,0,0.0,0.0,0.0,0.0,0.0,0.0,0.0,0.0
354,43,s35,0,0,0.0,0.0,0.0,0.0,1.0,0.0,0.0,1.0
355,43,s51,0,0,0.0,0.0,0.0,0.0,0.0,0.0,1.0,0.0
356,44,s0,0,0,1.0,0.0,0.0,0.0,0.0,0.0,0.0,0.0
357,44,s3,0,0,1.0,0.0,0.0,0.0,0.0,0.0,0.0,0.0
358,44,s4,0,0,0.0,0.0,0.0,0.0,0.0,0.0,0.0,1.0
359,44,s22,0,0,0.0,1.0,0.0,0.0,0.0,0.0,0.0,0.0
360,44,s23,0,0,1.0,0.0,0.0,0.0,0.0,0.0,1.0,0.0
361,44,s30,0,0,1.0,0.0,0.0,0.0,0.0,0.0,1.0,1.0
362,44,s37,0,0,0.0,0.0,0.0,0.0,0.0,0.0,0.0,0.0
363,45,s2,0,0,0.0,0.0,0.0,0.0,0.0,0.0,0.0,0.0
364,45,s8,0,0,1.0,0.0,0.0,0.0,0.0,0.0,0.0,0.0
365,45,s10,0,0,1.0,0.0,0.0,0.0,0.0,0.0,0.0,0.0
366,45,s14,0,0,0.0,0.0,0.0,0.0,0.0,0.0,0.0,0.0
367,45,s18,0,0,0.0,1.0,0.0,0.0,0.0,0.0,0.0,0.0
368,45,s20,0,0,0.0,0.0,0.0,0.0,0.0,0.0,0.0,0.0
369,45,s22,0,0,0.0,0.0,0.0,0.0,0.0,0.0,0.0,0.0
370,46,s27,0,0,0.0,0.0,0.0,0.0,0.0,0.0,0.0,0.0
371,46,s43,0,0,0.0,0.0,0.0,0.0,0.0,0.0,0.0,0.0
372,46,s46,0,0,0.0,0.0,0.0,0.0,0.0,1.0,0.0,1.0
373,46,s63,0,0,0.0,1.0,0.0,0.0,0.0,0.0,0.0,0.0
374,46,s73,0,0,0.0,0.0,0.0,0.0,0.0,0.0,0.0,0.0
375,46,s101,0,0,0.0,0.0,0.0,0.0,0.0,0.0,1.0,0.0
376,47,s13,0,0,0.0,0.0,0.0,0.0,0.0,0.0,0.0,0.0
377,47,s14,0,0,0.0,0.0,0.0,0.0,0.0,0.0,0.0,0.0
378,47,s15,0,0,0.0,0.0,0.0,0.0,0.0,0.0,0.0,0.0
379,47,s23,0,0,0.0,0.0,0.0,0.0,0.0,0.0,0.0,0.0
380,47,s34,0,0,0.0,0.0,0.0,0.0,0.0,1.0,0.0,0.0
381,48,s27,0,0,0.0,0.0,0.0,0.0,0.0,0.0,2.0,0.0
382,48,s32,0,0,1.0,1.0,0.0,0.0,1.0,0.0,4.0,1.0
383,48,s47,0,0,0.0,0.0,0.0,0.0,0.0,0.0,0.0,0.0
384,48,s66,0,0,0.0,0.0,0.0,0.0,0.0,0.0,0.0,0.0
385,48,s80,0,0,0.0,1.0,0.0,0.0,0.0,0.0,0.0,0.0
386,49,s8,0,0,0.0,0.0,0.0,0.0,0.0,0.0,0.0,0.0
387,49,s10,0,0,0.0,0.0,0.0,0.0,0.0,0.0,0.0,0.0
388,49,s13,0,0,0.0,0.0,0.0,0.0,0.0,0.0,0.0,0.0
389,49,s17,0,0,0.0,0.0,0.0,0.0,0.0,0.0,0.0,0.0
390,49,s22,0,0,0.0,0.0,0.0,0.0,0.0,0.0,0.0,0.0
391,49,s26,0,0,0.0,0.0,0.0,0.0,0.0,0.0,0.0,0.0
392,49,s28,0,0,0.0,0.0,0.0,0.0,0.0,0.0,0.0,0.0
393,49,s41,0,0,0.0,0.0,0.0,0.0,0.0,0.0,0.0,0.0
394,49,s42,0,0,2.0,0.0,0.0,0.0,1.0,0.0,2.0,0.0
395,50,s6,0,0,0.0,0.0,0.0,0.0,0.0,0.0,0.0,0.0
396,50,s7,0,0,0.0,1.0,0.0,0.0,0.0,0.0,0.0,0.0
397,50,s8,0,0,0.0,0.0,0.0,0.0,0.0,0.0,0.0,0.0
398,50,s19,0,0,1.0,0.0,0.0,0.0,0.0,0.0,2.0,1.0
399,50,s30,0,0,0.0,0.0,0.0,0.0,0.0,0.0,0.0,0.0
400,50,s34,0,0,0.0,1.0,0.0,0.0,0.0,0.0,0.0,0.0
401,50,s36,0,0,0.0,0.0,0.0,0.0,0.0,0.0,0.0,0.0
402,51,s2,0,0,0.0,0.0,0.0,0.0,0.0,0.0,0.0,0.0
403,51,s12,0,0,0.0,0.0,0.0,0.0,0.0,0.0,0.0,0.0
404,51,s18,0,0,0.0,0.0,0.0,0.0,0.0,0.0,0.0,0.0
405,51,s19,0,0,0.0,0.0,0.0,0.0,0.0,0.0,0.0,0.0
406,51,s30,0,0,0.0,0.0,0.0,0.0,0.0,0.0,0.0,0.0
407,51,s38,0,0,0.0,0.0,0.0,0.0,0.0,0.0,2.0,0.0
408,51,s43,0,0,0.0,1.0,0.0,0.0,1.0,0.0,2.0,3.0
409,52,s10,0,0,0.0,0.0,0.0,1.0,0.0,0.0,0.0,1.0
410,52,s15,0,0,0.0,0.0,0.0,0.0,0.0,0.0,0.0,0.0
411,52,s29,0,0,0.0,0.0,0.0,0.0,0.0,0.0,0.0,0.0
412,52,s30,0,0,0.0,0.0,0.0,0.0,0.0,0.0,0.0,0.0
413,52,s34,0,0,0.0,0.0,0.0,0.0,0.0,0.0,0.0,0.0
414,52,s35,0,0,0.0,0.0,0.0,0.0,0.0,0.0,0.0,0.0
415,52,s37,0,0,0.0,0.0,0.0,1.0,0.0,0.0,0.0,0.0
416,53,s33,0,0,0.0,0.0,0.0,0.0,0.0,0.0,0.0,0.0
417,53,s34,0,0,0.0,0.0,0.0,0.0,0.0,0.0,0.0,0.0
418,53,s38,0,0,0.0,0.0,0.0,0.0,0.0,0.0,0.0,0.0
419,53,s39,0,0,1.0,0.0,0.0,0.0,1.0,0.0,0.0,0.0
420,53,s40,0,0,0.0,1.0,0.0,0.0,0.0,0.0,0.0,0.0
421,53,s44,0,0,0.0,0.0,0.0,0.0,0.0,0.0,0.0,0.0
422,54,s24,0,0,0.0,0.0,0.0,0.0,0.0,0.0,0.0,0.0
423,54,s25,0,0,0.0,0.0,0.0,0.0,0.0,0.0,0.0,0.0
424,54,s26,0,0,0.0,1.0,0.0,0.0,0.0,0.0,0.0,1.0
425,54,s27,0,0,0.0,0.0,0.0,0.0,0.0,0.0,1.0,1.0
426,54,s28,0,0,0.0,0.0,0.0,0.0,0.0,0.0,0.0,2.0
427,55,s15,0,0,0.0,0.0,0.0,0.0,0.0,0.0,1.0,0.0
428,55,s18,0,0,0.0,0.0,0.0,0.0,1.0,0.0,0.0,1.0
429,55,s29,0,0,0.0,0.0,0.0,0.0,0.0,1.0,0.0,0.0
430,55,s31,0,0,1.0,0.0,0.0,0.0,0.0,0.0,1.0,1.0
431,55,s36,0,0,0.0,0.0,0.0,0.0,1.0,0.0,0.0,0.0
432,55,s47,0,0,0.0,0.0,0.0,0.0,0.0,0.0,0.0,0.0
433,55,s48,0,0,0.0,0.0,0.0,0.0,0.0,0.0,0.0,0.0
434,55,s49,0,0,0.0,0.0,0.0,0.0,0.0,0.0,0.0,0.0
435,55,s61,0,0,0.0,0.0,0.0,0.0,0.0,0.0,0.0,0.0
436,55,s66,0,0,0.0,0.0,0.0,0.0,0.0,0.0,0.0,0.0
437,55,s67,0,0,0.0,0.0,0.0,1.0,0.0,0.0,0.0,0.0
438,56,s1,0,0,0.0,0.0,0.0,0.0,0.0,0.0,0.0,0.0
439,56,s2,0,0,0.0,0.0,0.0,0.0,0.0,0.0,0.0,0.0
440,56,s22,0,0,0.0,0.0,0.0,0.0,0.0,0.0,0.0,0.0
441,56,s26,0,0,0.0,0.0,0.0,0.0,0.0,0.0,0.0,0.0
442,56,s28,0,0,0.0,0.0,0.0,0.0,0.0,0.0,0.0,0.0
443,56,s29,0,0,0.0,0.0,0.0,0.0,0.0,0.0,0.0,0.0
444,56,s37,0,0,0.0,1.0,0.0,0.0,0.0,0.0,0.0,0.0
445,56,s59,0,0,0.0,0.0,0.0,0.0,0.0,0.0,0.0,0.0
446,56,s60,0,0,0.0,0.0,0.0,0.0,0.0,0.0,0.0,0.0
447,57,s1,0,0,0.0,0.0,0.0,0.0,0.0,0.0,0.0,0.0
448,57,s2,0,0,0.0,0.0,0.0,0.0,0.0,0.0,0.0,0.0
449,57,s10,0,0,0.0,0.0,0.0,0.0,0.0,0.0,0.0,0.0
450,57,s13,0,0,0.0,0.0,0.0,0.0,0.0,0.0,0.0,0.0
451,57,s21,0,0,0.0,0.0,0.0,0.0,0.0,0.0,0.0,0.0
452,57,s24,0,0,0.0,1.0,0.0,0.0,0.0,0.0,0.0,0.0
453,57,s26,0,0,0.0,0.0,0.0,0.0,0.0,0.0,1.0,1.0
454,57,s28,0,0,0.0,0.0,0.0,0.0,0.0,0.0,0.0,0.0
455,57,s29,0,0,0.0,0.0,0.0,0.0,0.0,1.0,0.0,0.0
456,57,s31,0,0,0.0,0.0,0.0,0.0,0.0,0.0,0.0,0.0
457,58,s3,0,0,1.0,0.0,0.0,0.0,0.0,0.0,1.0,0.0
458,58,s9,0,0,0.0,0.0,0.0,0.0,0.0,0.0,0.0,0.0
459,58,s14,1,0,1.0,0.0,0.0,0.0,0.0,0.0,2.0,0.0
460,58,s19,0,1,0.0,1.0,0.0,0.0,0.0,0.0,0.0,0.0
461,58,s20,0,0,0.0,0.0,0.0,0.0,0.0,0.0,0.0,0.0
462,58,s22,0,0,0.0,0.0,0.0,0.0,0.0,0.0,0.0,1.0
463,58,s23,0,0,0.0,0.0,0.0,0.0,0.0,0.0,0.0,0.0
464,58,s25,0,0,0.0,0.0,0.0,0.0,0.0,0.0,0.0,0.0
465,58,s33,0,0,0.0,0.0,0.0,0.0,0.0,0.0,0.0,0.0
466,59,s2,0,0,0.0,0.0,0.0,0.0,1.0,0.0,3.0,3.0
467,59,s4,0,0,0.0,0.0,0.0,0.0,0.0,0.0,0.0,0.0
468,59,s9,0,0,0.0,0.0,0.0,0.0,0.0,0.0,0.0,0.0
469,59,s12,0,0,0.0,0.0,0.0,0.0,0.0,0.0,0.0,0.0
470,59,s45,0,0,0.0,0.0,0.0,0.0,0.0,0.0,0.0,0.0
471,59,s46,0,0,0.0,0.0,0.0,1.0,0.0,0.0,0.0,0.0
472,59,s48,0,0,0.0,0.0,0.0,0.0,0.0,1.0,0.0,0.0
473,59,s50,0,0,1.0,0.0,0.0,0.0,0.0,0.0,2.0,0.0
474,60,s9,0,0,0.0,0.0,0.0,0.0,0.0,0.0,0.0,0.0
475,60,s12,0,0,0.0,0.0,0.0,0.0,0.0,0.0,0.0,0.0
476,60,s13,0,0,0.0,0.0,0.0,0.0,0.0,0.0,0.0,0.0
477,60,s14,0,1,0.0,1.0,0.0,0.0,0.0,0.0,0.0,0.0
478,60,s18,0,0,0.0,1.0,0.0,0.0,0.0,0.0,0.0,1.0
479,60,s22,0,0,0.0,0.0,0.0,1.0,0.0,0.0,0.0,0.0
480,61,s35,0,0,0.0,0.0,0.0,0.0,0.0,0.0,1.0,0.0
481,61,s36,0,0,0.0,0.0,0.0,0.0,0.0,0.0,0.0,0.0
482,61,s38,0,0,0.0,0.0,0.0,0.0,0.0,0.0,0.0,0.0
483,61,s40,1,0,1.0,0.0,0.0,0.0,0.0,0.0,1.0,0.0
484,61,s41,0,0,1.0,0.0,0.0,0.0,0.0,0.0,0.0,0.0
485,61,s43,0,0,0.0,0.0,0.0,0.0,0.0,0.0,1.0,0.0
486,61,s44,0,0,1.0,0.0,0.0,0.0,2.0,1.0,0.0,0.0
487,62,s7,0,0,0.0,0.0,0.0,0.0,0.0,0.0,0.0,0.0
488,62,s8,0,0,0.0,0.0,0.0,0.0,0.0,0.0,0.0,0.0
489,62,s9,0,0,0.0,0.0,0.0,0.0,0.0,0.0,0.0,0.0
490,62,s11,0,0,0.0,0.0,0.0,0.0,0.0,0.0,0.0,0.0
491,62,s12,0,0,0.0,0.0,0.0,0.0,0.0,0.0,0.0,0.0
492,62,s29,0,0,0.0,0.0,0.0,0.0,0.0,0.0,1.0,0.0
493,63,s50,0,0,0.0,0.0,0.0,0.0,0.0,1.0,0.0,1.0
494,63,s52,0,0,0.0,1.0,0.0,0.0,0.0,1.0,1.0,3.0
495,63,s53,0,0,0.0,0.0,0.0,0.0,0.0,0.0,0.0,0.0
496,63,s54,0,0,0.0,0.0,0.0,0.0,0.0,0.0,0.0,0.0
497,63,s55,0,0,0.0,0.0,0.0,0.0,0.0,0.0,0.0,0.0
498,63,s57,0,0,0.0,0.0,0.0,0.0,0.0,0.0,0.0,0.0
499,63,s59,0,1,0.0,0.0,0.0,1.0,0.0,0.0,0.0,0.0
500,63,s61,0,0,0.0,0.0,0.0,0.0,0.0,0.0,0.0,0.0
501,64,s11,1,0,1.0,0.0,0.0,0.0,0.0,0.0,0.0,0.0
502,64,s13,0,0,0.0,0.0,0.0,0.0,0.0,0.0,0.0,0.0
503,64,s15,0,0,0.0,0.0,0.0,0.0,0.0,0.0,0.0,0.0
504,64,s18,0,0,0.0,0.0,0.0,0.0,0.0,0.0,1.0,1.0
505,64,s19,0,0,0.0,0.0,0.0,0.0,0.0,0.0,1.0,1.0
506,64,s20,0,0,0.0,0.0,0.0,1.0,0.0,0.0,0.0,0.0
507,64,s29,0,0,0.0,0.0,0.0,0.0,1.0,0.0,2.0,0.0
508,64,s33,0,0,0.0,0.0,0.0,0.0,0.0,0.0,0.0,0.0
509,64,s35,0,0,0.0,0.0,0.0,0.0,2.0,0.0,0.0,0.0
510,64,s36,0,0,0.0,0.0,0.0,0.0,0.0,0.0,0.0,0.0
511,64,s37,0,0,1.0,0.0,0.0,0.0,0.0,0.0,0.0,0.0
512,64,s38,0,1,0.0,1.0,0.0,0.0,0.0,0.0,0.0,0.0
513,64,s39,0,0,0.0,0.0,0.0,0.0,0.0,0.0,1.0,0.0
514,64,s40,0,0,0.0,0.0,0.0,0.0,0.0,0.0,0.0,0.0
515,64,s41,0,0,0.0,0.0,0.0,0.0,0.0,0.0,0.0,0.0
516,64,s42,0,0,0.0,0.0,0.0,0.0,0.0,0.0,0.0,0.0
517,64,s46,0,0,0.0,0.0,0.0,0.0,0.0,0.0,0.0,0.0
518,64,s47,0,0,0.0,0.0,0.0,0.0,0.0,0.0,0.0,0.0
519,64,s48,0,0,0.0,1.0,0.0,0.0,1.0,0.0,0.0,0.0
520,64,s51,0,0,0.0,0.0,0.0,0.0,0.0,0.0,1.0,1.0
521,65,s4,0,0,0.0,0.0,0.0,0.0,0.0,0.0,0.0,0.0
522,65,s5,0,0,0.0,0.0,0.0,0.0,0.0,0.0,0.0,0.0
523,65,s40,0,0,0.0,0.0,0.0,0.0,0.0,0.0,0.0,2.0
524,65,s42,0,0,0.0,0.0,0.0,0.0,0.0,0.0,0.0,0.0
525,65,s45,0,0,0.0,0.0,0.0,0.0,0.0,0.0,0.0,0.0
526,66,s27,0,0,0.0,0.0,0.0,0.0,1.0,0.0,1.0,0.0
527,66,s28,0,0,0.0,0.0,0.0,0.0,0.0,0.0,0.0,0.0
528,66,s44,0,0,1.0,1.0,1.0,0.0,0.0,1.0,2.0,2.0
529,66,s45,0,0,0.0,0.0,0.0,0.0,0.0,0.0,0.0,0.0
530,66,s47,0,0,0.0,0.0,0.0,0.0,1.0,1.0,0.0,0.0
531,67,s1,0,0,0.0,0.0,0.0,0.0,0.0,0.0,0.0,1.0
532,67,s11,0,0,0.0,0.0,0.0,0.0,0.0,0.0,0.0,0.0
533,67,s27,0,0,0.0,0.0,0.0,0.0,0.0,0.0,0.0,0.0
534,67,s29,0,0,0.0,0.0,0.0,0.0,0.0,0.0,0.0,0.0
535,67,s30,0,0,0.0,0.0,0.0,0.0,0.0,0.0,0.0,0.0
536,68,s20,0,0,0.0,0.0,0.0,0.0,0.0,0.0,0.0,0.0
537,68,s25,0,0,0.0,1.0,0.0,0.0,0.0,0.0,0.0,0.0
538,68,s32,0,0,0.0,0.0,0.0,0.0,0.0,0.0,0.0,0.0
539,68,s35,0,0,0.0,0.0,0.0,0.0,0.0,0.0,0.0,0.0
540,68,s50,0,0,0.0,1.0,0.0,0.0,0.0,0.0,0.0,0.0
541,69,s20,0,0,0.0,0.0,0.0,0.0,0.0,0.0,0.0,0.0
542,69,s27,0,0,0.0,0.0,0.0,0.0,0.0,0.0,0.0,0.0
543,69,s29,0,0,0.0,0.0,0.0,0.0,0.0,0.0,0.0,0.0
544,69,s31,0,0,0.0,0.0,0.0,0.0,0.0,0.0,0.0,0.0
545,69,s35,0,0,0.0,1.0,0.0,0.0,0.0,0.0,0.0,0.0
546,69,s36,0,0,0.0,0.0,0.0,0.0,0.0,1.0,0.0,0.0
547,69,s38,0,0,0.0,0.0,1.0,1.0,0.0,0.0,0.0,0.0
548,69,s47,0,0,0.0,0.0,0.0,0.0,0.0,0.0,0.0,0.0
549,70,s3,0,0,0.0,1.0,1.0,0.0,0.0,0.0,1.0,1.0
550,70,s5,0,0,0.0,0.0,1.0,0.0,0.0,0.0,0.0,0.0
551,70,s17,0,0,0.0,0.0,0.0,0.0,0.0,0.0,0.0,0.0
552,70,s20,0,0,0.0,0.0,0.0,0.0,0.0,0.0,1.0,0.0
553,70,s21,0,0,1.0,0.0,0.0,0.0,0.0,0.0,1.0,0.0
554,71,s32,0,0,0.0,0.0,0.0,0.0,0.0,1.0,0.0,0.0
555,71,s38,0,0,0.0,0.0,0.0,0.0,0.0,0.0,0.0,0.0
556,71,s39,0,0,0.0,0.0,0.0,0.0,0.0,0.0,0.0,0.0
557,71,s43,0,0,0.0,1.0,0.0,0.0,0.0,0.0,0.0,1.0
558,71,s45,0,0,0.0,0.0,0.0,0.0,0.0,0.0,0.0,0.0
559,71,s46,0,0,0.0,0.0,0.0,0.0,1.0,1.0,0.0,0.0
560,71,s47,0,0,0.0,0.0,0.0,0.0,1.0,0.0,0.0,0.0
561,71,s50,0,0,0.0,0.0,0.0,0.0,0.0,0.0,0.0,0.0
562,71,s53,0,0,0.0,0.0,0.0,0.0,0.0,0.0,0.0,0.0
563,71,s56,0,0,0.0,0.0,0.0,0.0,0.0,0.0,0.0,0.0
564,72,s11,0,0,0.0,0.0,0.0,0.0,0.0,0.0,0.0,0.0
565,72,s13,0,0,0.0,0.0,0.0,0.0,0.0,0.0,0.0,0.0
566,72,s17,0,0,0.0,0.0,0.0,0.0,0.0,0.0,0.0,0.0
567,72,s18,0,0,0.0,0.0,0.0,0.0,0.0,0.0,0.0,0.0
568,72,s27,0,0,0.0,0.0,0.0,0.0,0.0,0.0,0.0,1.0
569,72,s37,0,0,0.0,1.0,0.0,0.0,1.0,0.0,0.0,0.0
570,72,s45,0,0,0.0,0.0,0.0,0.0,0.0,0.0,0.0,0.0
571,72,s50,0,0,0.0,0.0,0.0,0.0,0.0,0.0,0.0,0.0
572,72,s52,0,0,0.0,0.0,0.0,0.0,1.0,0.0,0.0,1.0
573,72,s60,0,0,0.0,0.0,0.0,0.0,0.0,0.0,0.0,0.0
574,72,s70,0,0,0.0,0.0,0.0,0.0,0.0,0.0,0.0,0.0
575,72,s73,0,0,0.0,1.0,0.0,0.0,0.0,0.0,0.0,1.0
576,72,s79,0,0,0.0,0.0,0.0,0.0,0.0,0.0,1.0,0.0
577,73,s0,0,0,0.0,0.0,0.0,0.0,0.0,0.0,0.0,0.0
578,73,s10,0,0,0.0,0.0,0.0,0.0,0.0,0.0,0.0,0.0
579,73,s12,0,0,0.0,0.0,0.0,0.0,0.0,0.0,0.0,0.0
580,73,s16,0,0,0.0,0.0,0.0,0.0,0.0,0.0,0.0,0.0
581,73,s25,0,0,0.0,0.0,0.0,1.0,0.0,1.0,0.0,0.0
582,73,s27,0,0,0.0,1.0,0.0,0.0,0.0,0.0,0.0,1.0
583,73,s28,0,0,0.0,1.0,0.0,0.0,1.0,0.0,0.0,0.0
584,73,s30,0,0,0.0,0.0,0.0,0.0,0.0,0.0,0.0,0.0
585,73,s38,0,0,0.0,0.0,0.0,0.0,0.0,0.0,0.0,0.0
586,74,s2,0,0,0.0,0.0,0.0,0.0,0.0,0.0,0.0,1.0
587,74,s10,0,0,0.0,0.0,1.0,0.0,0.0,0.0,1.0,2.0
588,74,s11,0,0,0.0,0.0,0.0,0.0,0.0,0.0,1.0,1.0
589,74,s20,0,0,0.0,0.0,0.0,0.0,0.0,0.0,0.0,0.0
590,74,s22,0,0,0.0,0.0,0.0,0.0,0.0,0.0,0.0,0.0
591,74,s26,0,0,0.0,0.0,0.0,0.0,0.0,0.0,0.0,0.0
592,74,s28,0,0,0.0,1.0,0.0,1.0,0.0,0.0,0.0,4.0
593,74,s29,0,0,0.0,0.0,0.0,2.0,0.0,0.0,0.0,0.0
594,74,s30,0,0,0.0,0.0,0.0,0.0,0.0,0.0,0.0,0.0
595,75,s2,0,0,0.0,0.0,0.0,0.0,0.0,0.0,0.0,1.0
596,75,s10,0,0,0.0,0.0,0.0,0.0,0.0,0.0,0.0,1.0
597,75,s17,0,0,0.0,0.0,0.0,0.0,0.0,0.0,0.0,0.0
598,75,s18,0,0,0.0,1.0,0.0,0.0,0.0,1.0,0.0,0.0
599,75,s21,0,0,0.0,0.0,0.0,0.0,0.0,0.0,0.0,0.0
600,76,s2,0,0,0.0,0.0,0.0,0.0,0.0,0.0,0.0,1.0
601,76,s8,0,0,1.0,0.0,0.0,0.0,0.0,0.0,0.0,0.0
602,76,s10,0,0,0.0,0.0,1.0,0.0,0.0,0.0,1.0,2.0
603,76,s18,0,0,0.0,1.0,0.0,0.0,0.0,1.0,0.0,0.0
604,76,s22,0,0,0.0,0.0,0.0,0.0,0.0,0.0,0.0,0.0
605,76,s23,0,0,1.0,0.0,0.0,0.0,0.0,0.0,2.0,0.0
606,77,s15,0,0,0.0,0.0,0.0,0.0,0.0,0.0,0.0,0.0
607,77,s16,0,0,0.0,0.0,0.0,0.0,0.0,0.0,0.0,0.0
608,77,s18,0,1,0.0,1.0,0.0,0.0,0.0,0.0,0.0,1.0
609,77,s32,0,0,0.0,0.0,0.0,0.0,0.0,0.0,0.0,0.0
610,77,s33,0,0,0.0,0.0,0.0,0.0,0.0,0.0,0.0,0.0
611,77,s75,0,0,0.0,0.0,0.0,0.0,0.0,0.0,0.0,0.0
612,78,s3,0,0,0.0,0.0,0.0,0.0,0.0,0.0,0.0,0.0
613,78,s10,0,0,0.0,0.0,0.0,0.0,0.0,0.0,0.0,0.0
614,78,s21,0,0,0.0,1.0,0.0,0.0,0.0,0.0,0.0,0.0
615,78,s22,0,0,1.0,0.0,0.0,0.0,0.0,0.0,2.0,1.0
616,78,s23,0,0,0.0,1.0,0.0,0.0,0.0,0.0,3.0,0.0
617,78,s35,0,0,0.0,0.0,0.0,0.0,0.0,0.0,0.0,0.0
618,78,s59,0,0,0.0,0.0,0.0,0.0,0.0,0.0,0.0,0.0
619,78,s60,0,0,1.0,0.0,0.0,0.0,0.0,0.0,1.0,0.0
620,78,s68,0,0,0.0,0.0,0.0,0.0,0.0,0.0,0.0,0.0
621,79,s16,0,0,0.0,0.0,0.0,0.0,0.0,0.0,0.0,0.0
622,79,s48,0,0,0.0,0.0,0.0,0.0,0.0,0.0,0.0,0.0
623,79,s52,0,0,0.0,0.0,0.0,0.0,0.0,0.0,0.0,0.0
624,79,s56,0,0,0.0,0.0,1.0,0.0,0.0,0.0,0.0,0.0
625,79,s57,0,0,0.0,1.0,0.0,0.0,0.0,0.0,0.0,0.0
626,79,s58,0,0,0.0,0.0,0.0,0.0,0.0,0.0,0.0,0.0
627,80,s0,0,0,0.0,0.0,1.0,0.0,0.0,0.0,1.0,0.0
628,80,s1,0,0,0.0,0.0,0.0,0.0,0.0,0.0,0.0,0.0
629,80,s2,0,0,0.0,0.0,0.0,0.0,0.0,0.0,0.0,0.0
630,80,s3,0,0,0.0,1.0,0.0,0.0,0.0,0.0,0.0,0.0
631,80,s6,0,0,0.0,0.0,0.0,0.0,0.0,0.0,1.0,0.0
632,80,s9,0,0,0.0,0.0,0.0,0.0,0.0,0.0,0.0,0.0
633,81,s25,1,0,0.0,0.0,1.0,0.0,0.0,0.0,0.0,0.0
634,81,s26,0,0,0.0,0.0,0.0,0.0,0.0,0.0,0.0,0.0
635,81,s28,0,0,0.0,0.0,0.0,0.0,0.0,0.0,0.0,0.0
636,81,s32,0,0,0.0,1.0,0.0,0.0,0.0,0.0,0.0,0.0
637,81,s36,0,0,0.0,0.0,0.0,0.0,0.0,0.0,0.0,2.0
638,81,s37,0,0,0.0,0.0,0.0,0.0,0.0,0.0,1.0,0.0
639,81,s50,0,0,1.0,0.0,0.0,0.0,0.0,0.0,1.0,1.0
640,81,s51,0,0,0.0,0.0,0.0,0.0,1.0,0.0,1.0,0.0
641,81,s52,0,0,0.0,0.0,0.0,0.0,0.0,0.0,0.0,0.0
642,81,s54,0,0,0.0,0.0,0.0,0.0,0.0,0.0,0.0,0.0
643,82,s9,0,0,0.0,0.0,0.0,0.0,0.0,0.0,0.0,0.0
644,82,s14,0,0,0.0,0.0,0.0,0.0,0.0,0.0,0.0,0.0
645,82,s68,0,0,0.0,0.0,0.0,0.0,0.0,0.0,0.0,0.0
646,82,s70,0,0,1.0,0.0,0.0,0.0,0.0,0.0,0.0,0.0
647,82,s94,0,0,0.0,2.0,0.0,0.0,0.0,0.0,0.0,2.0
648,82,s98,0,0,0.0,1.0,0.0,0.0,0.0,1.0,0.0,1.0
649,83,s7,0,0,0.0,0.0,0.0,0.0,0.0,0.0,1.0,0.0
650,83,s8,0,0,0.0,0.0,0.0,0.0,0.0,0.0,0.0,0.0
651,83,s43,0,0,0.0,0.0,0.0,0.0,0.0,0.0,0.0,0.0
652,83,s46,0,0,0.0,0.0,0.0,1.0,0.0,0.0,0.0,1.0
653,83,s67,0,0,0.0,0.0,0.0,0.0,0.0,1.0,0.0,0.0
654,83,s101,0,0,0.0,0.0,0.0,0.0,0.0,0.0,0.0,0.0
655,84,s6,0,0,0.0,0.0,0.0,1.0,0.0,0.0,0.0,0.0
656,84,s77,0,0,0.0,0.0,1.0,0.0,0.0,0.0,0.0,0.0
657,84,s80,0,0,0.0,0.0,1.0,0.0,0.0,0.0,0.0,0.0
658,84,s90,0,0,0.0,0.0,0.0,0.0,0.0,0.0,0.0,0.0
659,84,s108,0,0,0.0,0.0,0.0,0.0,1.0,0.0,0.0,0.0
660,85,s16,0,0,0.0,0.0,0.0,0.0,0.0,0.0,1.0,1.0
661,85,s37,0,0,0.0,1.0,0.0,0.0,0.0,0.0,0.0,0.0
662,85,s65,0,0,0.0,0.0,0.0,0.0,0.0,0.0,0.0,0.0
663,85,s66,1,0,0.0,0.0,0.0,0.0,0.0,0.0,0.0,0.0
664,85,s77,0,0,1.0,0.0,0.0,0.0,0.0,1.0,0.0,0.0
665,85,s106,0,1,0.0,0.0,0.0,0.0,0.0,1.0,0.0,0.0
666,86,s60,0,0,0.0,0.0,0.0,0.0,0.0,0.0,0.0,0.0
667,86,s79,0,0,0.0,0.0,0.0,0.0,0.0,0.0,0.0,0.0
668,86,s80,0,0,0.0,0.0,0.0,0.0,1.0,0.0,0.0,0.0
669,86,s82,0,0,0.0,0.0,0.0,0.0,0.0,0.0,0.0,0.0
670,86,s108,0,0,1.0,0.0,0.0,0.0,0.0,0.0,0.0,0.0
671,86,s109,0,0,0.0,0.0,1.0,0.0,0.0,0.0,0.0,0.0
672,86,s114,0,0,0.0,0.0,0.0,0.0,0.0,0.0,0.0,0.0
673,86,s116,0,0,1.0,0.0,0.0,0.0,0.0,0.0,0.0,0.0
674,86,s117,0,0,0.0,0.0,0.0,0.0,0.0,0.0,0.0,0.0
675,86,s118,0,0,0.0,0.0,0.0,0.0,0.0,0.0,0.0,0.0
676,86,s122,0,0,0.0,0.0,0.0,0.0,0.0,0.0,0.0,0.0
677,87,s0,0,0,0.0,0.0,0.0,0.0,0.0,0.0,0.0,0.0
678,87,s21,0,0,0.0,0.0,0.0,0.0,0.0,0.0,0.0,0.0
679,87,s22,0,0,0.0,0.0,0.0,0.0,0.0,0.0,0.0,0.0
680,87,s73,0,0,0.0,0.0,0.0,0.0,0.0,0.0,0.0,0.0
681,87,s74,0,0,0.0,0.0,0.0,0.0,0.0,0.0,0.0,0.0
682,87,s75,0,0,0.0,0.0,0.0,0.0,0.0,0.0,0.0,0.0
683,87,s77,0,0,0.0,0.0,0.0,0.0,1.0,1.0,1.0,0.0
684,87,s78,0,0,0.0,0.0,0.0,0.0,1.0,0.0,0.0,0.0
685,87,s109,0,0,0.0,0.0,1.0,0.0,0.0,0.0,0.0,0.0
686,87,s113,0,0,0.0,0.0,0.0,0.0,0.0,0.0,0.0,0.0
687,87,s114,0,0,0.0,0.0,0.0,0.0,0.0,0.0,0.0,0.0
688,87,s115,0,0,0.0,0.0,0.0,0.0,0.0,0.0,0.0,0.0
689,87,s116,0,0,0.0,0.0,1.0,0.0,0.0,0.0,0.0,0.0
690,88,s26,0,0,0.0,0.0,0.0,0.0,0.0,0.0,0.0,0.0
691,88,s29,0,0,0.0,0.0,0.0,0.0,0.0,0.0,0.0,0.0
692,88,s31,0,0,0.0,0.0,0.0,0.0,0.0,0.0,0.0,0.0
693,88,s35,1,0,0.0,0.0,0.0,0.0,1.0,0.0,1.0,1.0
694,88,s36,0,0,0.0,1.0,0.0,0.0,0.0,0.0,0.0,0.0
695,88,s39,0,0,0.0,0.0,0.0,0.0,0.0,0.0,0.0,0.0
696,88,s40,0,0,1.0,0.0,0.0,0.0,0.0,0.0,0.0,0.0
697,89,s22,0,0,1.0,0.0,0.0,0.0,0.0,0.0,1.0,1.0
698,89,s24,0,0,0.0,0.0,2.0,0.0,0.0,0.0,0.0,0.0
699,89,s25,0,0,0.0,0.0,0.0,0.0,0.0,0.0,0.0,0.0
700,89,s34,0,0,1.0,0.0,0.0,0.0,0.0,0.0,0.0,0.0
701,89,s37,0,0,0.0,0.0,0.0,0.0,0.0,0.0,0.0,0.0
702,89,s40,0,0,0.0,1.0,0.0,0.0,0.0,1.0,0.0,2.0
703,90,s9,0,0,1.0,1.0,0.0,0.0,0.0,0.0,2.0,0.0
704,90,s10,0,0,0.0,1.0,0.0,0.0,0.0,0.0,0.0,0.0
705,90,s11,0,0,0.0,1.0,0.0,0.0,0.0,0.0,0.0,0.0
706,90,s20,0,0,0.0,1.0,0.0,0.0,0.0,0.0,0.0,0.0
707,90,s22,0,0,0.0,0.0,0.0,0.0,1.0,0.0,0.0,0.0
708,90,s23,0,0,0.0,0.0,0.0,0.0,1.0,0.0,0.0,0.0
709,90,s24,0,0,0.0,0.0,0.0,0.0,0.0,0.0,0.0,0.0
710,90,s35,0,0,0.0,0.0,0.0,0.0,0.0,0.0,0.0,1.0
711,90,s36,0,0,0.0,0.0,0.0,0.0,0.0,1.0,0.0,1.0
712,90,s44,0,0,0.0,0.0,0.0,0.0,0.0,0.0,0.0,0.0
713,91,s17,0,0,1.0,0.0,0.0,0.0,0.0,0.0,0.0,0.0
714,91,s18,0,0,1.0,0.0,0.0,0.0,0.0,0.0,0.0,0.0
715,91,s19,0,0,0.0,0.0,0.0,0.0,0.0,0.0,0.0,0.0
716,91,s36,0,0,0.0,0.0,0.0,0.0,0.0,1.0,1.0,0.0
717,91,s37,0,0,0.0,0.0,0.0,0.0,0.0,0.0,0.0,0.0
718,91,s40,0,0,0.0,1.0,0.0,0.0,0.0,1.0,0.0,2.0
719,91,s42,0,0,0.0,0.0,0.0,0.0,0.0,0.0,0.0,0.0
720,91,s45,0,0,0.0,0.0,0.0,0.0,0.0,0.0,0.0,0.0
721,92,s4,0,0,0.0,0.0,1.0,0.0,0.0,0.0,2.0,0.0
722,92,s8,0,0,0.0,0.0,0.0,0.0,0.0,0.0,0.0,0.0
723,92,s13,0,0,0.0,0.0,0.0,0.0,0.0,0.0,0.0,0.0
724,92,s20,0,0,0.0,1.0,0.0,0.0,0.0,0.0,0.0,1.0
725,92,s22,0,0,1.0,0.0,0.0,0.0,0.0,0.0,0.0,0.0
726,92,s27,0,0,1.0,0.0,0.0,0.0,0.0,0.0,2.0,0.0
727,92,s30,0,0,1.0,0.0,0.0,0.0,0.0,0.0,2.0,0.0
728,92,s33,0,0,0.0,0.0,0.0,0.0,0.0,0.0,0.0,0.0
729,93,s8,0,0,0.0,0.0,0.0,0.0,0.0,0.0,0.0,0.0
730,93,s9,0,0,1.0,1.0,0.0,0.0,0.0,0.0,2.0,0.0
731,93,s10,0,0,0.0,1.0,0.0,0.0,0.0,0.0,0.0,0.0
732,93,s11,0,0,0.0,0.0,0.0,1.0,0.0,0.0,0.0,0.0
733,93,s21,0,0,0.0,0.0,0.0,0.0,0.0,0.0,0.0,0.0
734,93,s42,0,0,0.0,0.0,1.0,0.0,0.0,0.0,1.0,1.0
735,93,s44,0,0,0.0,0.0,0.0,0.0,0.0,0.0,0.0,0.0
736,94,s3,0,0,0.0,0.0,0.0,0.0,1.0,2.0,0.0,0.0
737,94,s4,0,0,0.0,0.0,0.0,0.0,0.0,0.0,2.0,0.0
738,94,s23,0,0,0.0,1.0,0.0,0.0,1.0,0.0,0.0,0.0
739,94,s24,0,0,0.0,1.0,0.0,1.0,0.0,0.0,0.0,1.0
740,94,s29,0,0,0.0,0.0,0.0,0.0,0.0,0.0,0.0,0.0
741,95,s12,0,0,0.0,0.0,0.0,0.0,1.0,0.0,0.0,0.0
742,95,s13,0,0,0.0,0.0,0.0,0.0,0.0,0.0,0.0,0.0
743,95,s46,0,0,0.0,0.0,0.0,0.0,0.0,0.0,0.0,0.0
744,95,s50,0,0,0.0,0.0,0.0,0.0,0.0,1.0,0.0,0.0
745,95,s54,0,0,0.0,0.0,0.0,0.0,0.0,0.0,0.0,0.0
746,95,s55,0,0,0.0,0.0,0.0,0.0,1.0,0.0,0.0,0.0
747,95,s76,0,0,2.0,0.0,0.0,0.0,0.0,0.0,0.0,0.0
748,96,s12,0,0,0.0,0.0,0.0,0.0,0.0,0.0,0.0,0.0
749,96,s13,0,0,0.0,0.0,0.0,0.0,0.0,0.0,0.0,0.0
750,96,s23,0,0,0.0,0.0,0.0,0.0,0.0,0.0,0.0,0.0
751,96,s29,0,0,0.0,0.0,0.0,0.0,0.0,0.0,1.0,0.0
752,96,s44,0,0,0.0,1.0,0.0,0.0,0.0,0.0,0.0,0.0
753,96,s46,0,0,0.0,0.0,0.0,0.0,0.0,0.0,0.0,0.0
754,96,s50,0,0,0.0,0.0,0.0,0.0,0.0,0.0,0.0,0.0
755,96,s54,0,0,0.0,0.0,0.0,0.0,0.0,0.0,0.0,0.0
756,96,s55,0,0,0.0,0.0,0.0,0.0,1.0,0.0,0.0,0.0
757,96,s60,0,0,0.0,0.0,0.0,0.0,0.0,0.0,0.0,1.0
758,96,s72,0,0,0.0,0.0,0.0,0.0,0.0,1.0,0.0,0.0
759,96,s76,0,0,1.0,0.0,0.0,0.0,1.0,0.0,1.0,0.0
760,97,s12,0,0,0.0,0.0,1.0,0.0,0.0,0.0,0.0,0.0
761,97,s13,0,0,0.0,0.0,0.0,0.0,0.0,0.0,0.0,0.0
762,97,s46,0,0,0.0,0.0,0.0,0.0,0.0,0.0,1.0,0.0
763,97,s50,0,0,0.0,0.0,0.0,1.0,0.0,0.0,0.0,0.0
764,97,s52,0,0,0.0,0.0,0.0,0.0,0.0,0.0,0.0,0.0
765,97,s54,0,0,0.0,0.0,0.0,0.0,0.0,0.0,0.0,0.0
766,97,s55,0,0,1.0,0.0,0.0,0.0,0.0,0.0,0.0,0.0
767,97,s56,0,0,0.0,0.0,0.0,0.0,0.0,0.0,0.0,0.0
768,97,s76,0,0,2.0,0.0,0.0,0.0,0.0,0.0,0.0,0.0
769,98,s1,0,0,0.0,0.0,0.0,0.0,0.0,0.0,0.0,0.0
770,98,s7,0,0,0.0,0.0,0.0,0.0,0.0,0.0,0.0,0.0
771,98,s24,0,0,0.0,1.0,0.0,0.0,0.0,0.0,0.0,0.0
772,98,s29,0,0,0.0,0.0,0.0,0.0,0.0,0.0,0.0,0.0
773,98,s31,0,0,0.0,0.0,0.0,0.0,0.0,0.0,0.0,0.0
774,99,s1,0,0,0.0,0.0,0.0,0.0,0.0,0.0,0.0,0.0
775,99,s3,0,0,0.0,0.0,0.0,0.0,0.0,0.0,0.0,0.0
776,99,s4,0,0,0.0,0.0,0.0,0.0,0.0,0.0,0.0,0.0
777,99,s8,0,0,1.0,0.0,0.0,0.0,0.0,0.0,0.0,0.0
778,99,s10,0,0,0.0,0.0,0.0,0.0,0.0,0.0,0.0,2.0
779,99,s12,0,0,0.0,0.0,1.0,0.0,0.0,0.0,0.0,0.0
780,99,s25,0,0,0.0,0.0,0.0,2.0,0.0,0.0,0.0,0.0
781,99,s46,0,0,0.0,0.0,0.0,0.0,0.0,0.0,0.0,0.0
782,99,s48,0,0,0.0,0.0,0.0,0.0,0.0,0.0,0.0,0.0
783,99,s65,0,0,0.0,0.0,0.0,0.0,0.0,0.0,0.0,0.0
784,100,s1,0,0,0.0,0.0,0.0,0.0,0.0,0.0,0.0,0.0
785,100,s8,0,0,1.0,0.0,0.0,0.0,1.0,0.0,3.0,0.0
786,100,s15,0,0,0.0,0.0,0.0,0.0,0.0,0.0,0.0,0.0
787,100,s23,0,0,0.0,0.0,0.0,0.0,0.0,0.0,0.0,0.0
788,100,s25,0,0,0.0,0.0,0.0,0.0,0.0,0.0,0.0,0.0
789,100,s26,0,0,0.0,0.0,1.0,0.0,0.0,0.0,0.0,0.0
790,100,s29,0,0,0.0,0.0,0.0,0.0,0.0,0.0,1.0,0.0
791,100,s77,0,0,0.0,0.0,0.0,0.0,0.0,0.0,0.0,0.0
